จังหวัดในภาษาไทย,จังหวัดในภาษาอังกฤษ,ปี,ร้อยละ,คะแนนเฉลี่ย,ร้อยละ ร้อยละของระดับการศึกษาของประชากรวัยแรงงาน (15-59 ปี) อุดมศึกษา,คะแนนเฉลี่ย ร้อยละของระดับการศึกษาของประชากรวัยแรงงาน (15-59 ปี) อุดมศึกษา,ร้อยละ ร้อยละของระดับการศึกษาของประชากรวัยแรงงาน (15-59 ปี) มัธยมศึกษาตอนปลาย,คะแนนเฉลี่ย ร้อยละของระดับการศึกษาของประชากรวัยแรงงาน (15-59 ปี) มัธยมศึกษาตอนปลาย,ร้อยละ ร้อยละของระดับการศึกษาของประชากรวัยแรงงาน (15-59 ปี) ประถมศึกษา,คะแนนเฉลี่ย ร้อยละของระดับการศึกษาของประชากรวัยแรงงาน (15-59 ปี) ประถมศึกษา,ร้อยละ ร้อยละของระดับการศึกษาของประชากรวัยแรงงาน (15-59 ปี) มัธยมศึกษาตอนต้น,คะแนนเฉลี่ย ร้อยละของระดับการศึกษาของประชากรวัยแรงงาน (15-59 ปี) มัธยมศึกษาตอนต้น,ร้อยละ ปีการศึกษาเฉลี่ยของประชากร 60 ปีขึ้นไป (หน่วย: ปี),คะแนนเฉลี่ย ปีการศึกษาเฉลี่ยของประชากร 60 ปีขึ้นไป (หน่วย: ปี),ร้อยละ ร้อยละของระดับการศึกษาของประชากรวัยแรงงาน (15-59 ปี) ต่ำกว่าประถม,คะแนนเฉลี่ย ร้อยละของระดับการศึกษาของประชากรวัยแรงงาน (15-59 ปี) ต่ำกว่าประถม,ร้อยละ ปีการศึกษาเฉลี่ยของประชากร 15-39 ปี (หน่วย: ปี),คะแนนเฉลี่ย ปีการศึกษาเฉลี่ยของประชากร 15-39 ปี (หน่วย: ปี),ร้อยละ ปีการศึกษาเฉลี่ยของประชากร 15-59 ปี (หน่วย: ปี),คะแนนเฉลี่ย ปีการศึกษาเฉลี่ยของประชากร 15-59 ปี (หน่วย: ปี),ร้อยละ ปีการศึกษาเฉลี่ยของประชากร 40-59 ปี (หน่วย: ปี),คะแนนเฉลี่ย ปีการศึกษาเฉลี่ยของประชากร 40-59 ปี (หน่วย: ปี),ร้อยละ ปีการศึกษาเฉลี่ยของประชากร 15 ปีขึ้นไป (หน่วย: ปี),คะแนนเฉลี่ย ปีการศึกษาเฉลี่ยของประชากร 15 ปีขึ้นไป (หน่วย: ปี)
กรุงเทพมหานคร,Bangkok,2568,N/A,N/A,39.29,39.29,23.24,23.24,17.52,17.52,17.02,17.02,8.75,8.75,2.93,2.93,12.05,12.05,11.52,11.52,11,11,10.98,10.98
สมุทรปราการ,Samut Prakan,2568,N/A,N/A,26.1,26.1,27.3,27.3,24.43,24.43,20.97,20.97,7.1,7.1,1.21,1.21,10.97,10.97,10.6,10.6,10.22,10.22,9.94,9.94
นนทบุรี,Nonthaburi,2568,N/A,N/A,42.63,42.63,22.49,22.49,10.9,10.9,23.59,23.59,9.27,9.27,0.39,0.39,12.41,12.41,12.09,12.09,11.75,11.75,11.56,11.56
ปทุมธานี,Pathum Thani,2568,N/A,N/A,33.76,33.76,24.25,24.25,11.5,11.5,26.54,26.54,7.72,7.72,3.95,3.95,11.44,11.44,11.21,11.21,10.92,10.92,10.56,10.56
พระนครศรีอยุธยา,Phra Nakhon Si Ayutthaya,2568,N/A,N/A,31.22,31.22,28.1,28.1,15.84,15.84,23.75,23.75,6.66,6.66,1.09,1.09,11.7,11.7,11.07,11.07,10.39,10.39,9.91,9.91
อ่างทอง,Ang Thong,2568,N/A,N/A,24.86,24.86,29.94,29.94,18.55,18.55,25.78,25.78,6.55,6.55,0.87,0.87,11.45,11.45,10.72,10.72,9.91,9.91,9.62,9.62
ลพบุรี,Lopburi,2568,N/A,N/A,26.93,26.93,24.79,24.79,21.6,21.6,25.48,25.48,6.4,6.4,1.2,1.2,11.47,11.47,10.59,10.59,9.62,9.62,9.5,9.5
สิงห์บุรี,Singburi,2568,N/A,N/A,34.33,34.33,30.79,30.79,13.69,13.69,19.87,19.87,7.28,7.28,1.32,1.32,12.17,12.17,11.42,11.42,10.61,10.61,10.33,10.33
ชัยนาท,Chainat,2568,N/A,N/A,27,27,26.03,26.03,23.8,23.8,21.71,21.71,5.8,5.8,1.47,1.47,11.45,11.45,10.45,10.45,9.38,9.38,9.22,9.22
สระบุรี,Saraburi,2568,N/A,N/A,27.68,27.68,26.58,26.58,18.77,18.77,25.22,25.22,5.91,5.91,1.75,1.75,11.08,11.08,10.59,10.59,10.03,10.03,9.39,9.39
ชลบุรี,Chonburi,2568,N/A,N/A,27.15,27.15,29.75,29.75,14.24,14.24,25.83,25.83,6.32,6.32,3.04,3.04,11.13,11.13,10.77,10.77,10.36,10.36,9.85,9.85
ระยอง,Rayong,2568,N/A,N/A,24.54,24.54,31.75,31.75,20.39,20.39,21.41,21.41,6.08,6.08,1.9,1.9,10.97,10.97,10.53,10.53,9.95,9.95,9.76,9.76
จันทบุรี,Chanthaburi,2568,N/A,N/A,23.43,23.43,22.44,22.44,27.08,27.08,25,25,5.6,5.6,2.05,2.05,11.05,11.05,10.18,10.18,9.19,9.19,9.29,9.29
ตราด,Trat,2568,N/A,N/A,23.38,23.38,20.48,20.48,24.05,24.05,22.3,22.3,5.49,5.49,9.79,9.79,10.34,10.34,9.45,9.45,8.47,8.47,8.68,8.68
ฉะเชิงเทรา,Chachoengsao,2568,N/A,N/A,23.23,23.23,33.89,33.89,15.65,15.65,26.35,26.35,6.03,6.03,0.87,0.87,11.43,11.43,10.78,10.78,9.9,9.9,9.96,9.96
ปราจีนบุรี,Prachinburi,2568,N/A,N/A,33.21,33.21,31.74,31.74,14.01,14.01,21.01,21.01,6.38,6.38,0.04,0.04,11.95,11.95,11.37,11.37,10.72,10.72,10.39,10.39
นครนายก,Nakhon Nayok,2568,N/A,N/A,25.89,25.89,27.92,27.92,20.3,20.3,22.87,22.87,6.8,6.8,3.01,3.01,11.08,11.08,10.47,10.47,9.8,9.8,9.76,9.76
สระแก้ว,Sa Kaeo,2568,N/A,N/A,18.2,18.2,26.06,26.06,28.01,28.01,24.97,24.97,4.92,4.92,2.76,2.76,10.8,10.8,9.68,9.68,8.45,8.45,8.75,8.75
นครราชสีมา,Nakhon Ratchasima,2568,N/A,N/A,20.83,20.83,27.67,27.67,25.73,25.73,23.32,23.32,5.65,5.65,2.45,2.45,10.87,10.87,9.99,9.99,8.91,8.91,8.73,8.73
บุรีรัมย์,Buriram,2568,N/A,N/A,19.05,19.05,31.35,31.35,26.44,26.44,22.41,22.41,5.08,5.08,0.76,0.76,11.46,11.46,10.07,10.07,8.4,8.4,8.6,8.6
สุรินทร์,Surin,2568,N/A,N/A,22.15,22.15,24.91,24.91,29.23,29.23,22.57,22.57,5.31,5.31,1.14,1.14,11.05,11.05,10.05,10.05,8.83,8.83,8.66,8.66
ศรีสะเกษ,Si Sa Ket,2568,N/A,N/A,17.71,17.71,28.42,28.42,32.16,32.16,20.42,20.42,4.89,4.89,1.29,1.29,11.04,11.04,9.77,9.77,8.23,8.23,8.33,8.33
อุบลราชธานี,Ubon Ratchathani,2568,N/A,N/A,16.22,16.22,26.73,26.73,34.81,34.81,20.99,20.99,5.43,5.43,1.25,1.25,10.8,10.8,9.44,9.44,7.79,7.79,8.26,8.26
ยโสธร,Yasothon,2568,N/A,N/A,14.77,14.77,22,22,32.87,32.87,29.72,29.72,5.43,5.43,0.64,0.64,10.62,10.62,9.4,9.4,7.93,7.93,8.23,8.23
ชัยภูมิ,Chaiyaphum,2568,N/A,N/A,19.11,19.11,26.85,26.85,30.34,30.34,22.67,22.67,5.24,5.24,1.03,1.03,10.88,10.88,9.78,9.78,8.46,8.46,8.45,8.45
อำนาจเจริญ,Amnat Charoen,2568,N/A,N/A,19.04,19.04,29.22,29.22,29.35,29.35,20.2,20.2,5.31,5.31,2.18,2.18,11.08,11.08,9.8,9.8,8.27,8.27,8.48,8.48
บึงกาฬ,Bueng Kan,2568,N/A,N/A,10.94,10.94,28.1,28.1,31.53,31.53,29.2,29.2,4.6,4.6,0.22,0.22,10.83,10.83,9.32,9.32,7.49,7.49,7.93,7.93
หนองบัวลำภู,Nong Bua Lamphu,2568,N/A,N/A,14.21,14.21,24.36,24.36,34.08,34.08,25.87,25.87,4.95,4.95,1.47,1.47,10.42,10.42,9.33,9.33,8.02,8.02,8.05,8.05
ขอนแก่น,Khon Kaen,2568,N/A,N/A,16.81,16.81,32.7,32.7,24.72,24.72,25.58,25.58,6.14,6.14,0.19,0.19,11.21,11.21,10.02,10.02,8.58,8.58,8.88,8.88
อุดรธานี,Udon Thani,2568,N/A,N/A,19.03,19.03,21.24,21.24,33.13,33.13,26.53,26.53,5.44,5.44,0.07,0.07,10.94,10.94,9.58,9.58,7.94,7.94,8.37,8.37
เลย,Loei,2568,N/A,N/A,17.93,17.93,27.08,27.08,27.55,27.55,26.39,26.39,5.59,5.59,1.05,1.05,10.72,10.72,9.9,9.9,8.91,8.91,8.64,8.64
หนองคาย,Nong Khai,2568,N/A,N/A,17.55,17.55,23.74,23.74,31.89,31.89,25.4,25.4,5.21,5.21,1.42,1.42,10.8,10.8,9.57,9.57,8.06,8.06,8.3,8.3
มหาสารคาม,Maha Sarakham,2568,N/A,N/A,20.38,20.38,30.6,30.6,25.86,25.86,22.34,22.34,5.51,5.51,0.82,0.82,11.22,11.22,10.21,10.21,9,9,8.83,8.83
ร้อยเอ็ด,Roi Et,2568,N/A,N/A,17.48,17.48,27.55,27.55,30.74,30.74,23.36,23.36,5.54,5.54,0.87,0.87,11.06,11.06,9.79,9.79,8.27,8.27,8.54,8.54
กาฬสินธุ์,Kalasin,2568,N/A,N/A,13.31,13.31,30.32,30.32,32.23,32.23,23.6,23.6,5.24,5.24,0.53,0.53,10.77,10.77,9.59,9.59,8.16,8.16,8.31,8.31
สกลนคร,Sakon Nakhon,2568,N/A,N/A,17.46,17.46,23.73,23.73,32.99,32.99,25.3,25.3,5.52,5.52,0.52,0.52,10.93,10.93,9.58,9.58,7.95,7.95,8.39,8.39
นครพนม,Nakhon Phanom,2568,N/A,N/A,17.17,17.17,26.84,26.84,31.36,31.36,24.26,24.26,5.44,5.44,0.37,0.37,10.99,10.99,9.77,9.77,8.29,8.29,8.5,8.5
มุกดาหาร,Mukdahan,2568,N/A,N/A,15.05,15.05,26.91,26.91,29.19,29.19,27.82,27.82,5.23,5.23,1.03,1.03,10.77,10.77,9.63,9.63,8.25,8.25,8.33,8.33
เชียงใหม่,Chiang Mai,2568,N/A,N/A,28.49,28.49,18.73,18.73,23.19,23.19,18.6,18.6,5.97,5.97,11,11,10.57,10.57,9.6,9.6,8.38,8.38,8.48,8.48
ลำพูน,Lamphun,2568,N/A,N/A,25.03,25.03,33.89,33.89,18.19,18.19,18.03,18.03,5.48,5.48,4.86,4.86,11.36,11.36,10.47,10.47,9.33,9.33,8.94,8.94
ลำปาง,Lampang,2568,N/A,N/A,33.05,33.05,25.23,25.23,20.93,20.93,19.3,19.3,5.59,5.59,1.5,1.5,12.13,12.13,10.91,10.91,9.48,9.48,9.19,9.19
อุตรดิตถ์,Uttaradit,2568,N/A,N/A,26.28,26.28,27.35,27.35,22.95,22.95,21.63,21.63,5.87,5.87,1.79,1.79,11.57,11.57,10.43,10.43,9.1,9.1,8.95,8.95
แพร่,Phrae,2568,N/A,N/A,33.16,33.16,26.97,26.97,19.06,19.06,20.51,20.51,6.22,6.22,0.29,0.29,12.03,12.03,11.17,11.17,10.18,10.18,9.57,9.57
น่าน,Nan,2568,N/A,N/A,22.96,22.96,27.67,27.67,23.3,23.3,21.86,21.86,5.25,5.25,4.21,4.21,11.16,11.16,10.08,10.08,8.82,8.82,8.52,8.52
พะเยา,Phayao,2568,N/A,N/A,29.1,29.1,29.87,29.87,20.89,20.89,18.78,18.78,4.97,4.97,1.35,1.35,11.95,11.95,10.87,10.87,9.61,9.61,8.96,8.96
เชียงราย,Chiang Rai,2568,N/A,N/A,15.36,15.36,25.73,25.73,28.48,28.48,23.5,23.5,4.16,4.16,6.93,6.93,10.67,10.67,9.01,9.01,7.04,7.04,7.46,7.46
แม่ฮ่องสอน,Mae Hong Son,2568,N/A,N/A,12.46,12.46,21.89,21.89,26.46,26.46,21.29,21.29,3.25,3.25,17.9,17.9,9.86,9.86,7.9,7.9,5.59,5.59,6.42,6.42
นครสวรรค์,Nakhon Sawan,2568,N/A,N/A,23.57,23.57,26.96,26.96,24.14,24.14,23.47,23.47,5.88,5.88,1.85,1.85,11.23,11.23,10.29,10.29,9.19,9.19,8.87,8.87
อุทัยธานี,Uthai Thani,2568,N/A,N/A,19.28,19.28,24.34,24.34,28.23,28.23,23.72,23.72,5.36,5.36,4.43,4.43,10.69,10.69,9.64,9.64,8.41,8.41,8.25,8.25
กำแพงเพชร,Kamphaeng Phet,2568,N/A,N/A,21.02,21.02,22.73,22.73,35.97,35.97,19.25,19.25,4.88,4.88,1.03,1.03,11.03,11.03,9.61,9.61,7.94,7.94,8.08,8.08
ตาก,Tak,2568,N/A,N/A,15.36,15.36,19.34,19.34,22.33,22.33,19.46,19.46,4.47,4.47,23.52,23.52,8.7,8.7,7.74,7.74,6.57,6.57,6.72,6.72
สุโขทัย,Sukhothai,2568,N/A,N/A,28.01,28.01,23.75,23.75,27.04,27.04,20.38,20.38,5.39,5.39,0.82,0.82,11.62,11.62,10.5,10.5,9.2,9.2,8.84,8.84
พิษณุโลก,Phitsanulok,2568,N/A,N/A,27.02,27.02,25.16,25.16,21.99,21.99,24.96,24.96,5.33,5.33,0.87,0.87,11.75,11.75,10.6,10.6,9.26,9.26,8.9,8.9
พิจิตร,Phichit,2568,N/A,N/A,23.93,23.93,25.95,25.95,24.07,24.07,24.4,24.4,5.3,5.3,1.65,1.65,11.2,11.2,10.24,10.24,9.1,9.1,8.67,8.67
เพชรบูรณ์,Phetchabun,2568,N/A,N/A,23.14,23.14,21.58,21.58,30.47,30.47,23.05,23.05,4.86,4.86,1.76,1.76,11.09,11.09,9.84,9.84,8.36,8.36,8.24,8.24
ราชบุรี,Ratchaburi,2568,N/A,N/A,21.63,21.63,23.51,23.51,30.03,30.03,20.59,20.59,5.86,5.86,4.24,4.24,10.32,10.32,9.59,9.59,8.71,8.71,8.59,8.59
กาญจนบุรี,Kanchanaburi,2568,N/A,N/A,19.53,19.53,22.18,22.18,27.71,27.71,21.79,21.79,4.5,4.5,8.78,8.78,10.14,10.14,9.18,9.18,8.08,8.08,7.88,7.88
สุพรรณบุรี,Suphanburi,2568,N/A,N/A,18.19,18.19,26.48,26.48,26.53,26.53,28.51,28.51,5.23,5.23,0.28,0.28,11.25,11.25,10.01,10.01,8.61,8.61,8.66,8.66
นครปฐม,Nakhon Pathom,2568,N/A,N/A,25.05,25.05,20.59,20.59,29.38,29.38,21.4,21.4,6.57,6.57,3.58,3.58,10.36,10.36,9.86,9.86,9.28,9.28,9.29,9.29
สมุทรสาคร,Samut Sakhon,2568,N/A,N/A,20.49,20.49,24.49,24.49,21.67,21.67,29.38,29.38,6.35,6.35,3.98,3.98,10.82,10.82,9.96,9.96,9.06,9.06,9.24,9.24
สมุทรสงคราม,Samut Songkhram,2568,N/A,N/A,27.39,27.39,24.19,24.19,26.91,26.91,19.26,19.26,7.04,7.04,2.26,2.26,10.69,10.69,10.26,10.26,9.72,9.72,9.41,9.41
เพชรบุรี,Phetchaburi,2568,N/A,N/A,25.26,25.26,29.24,29.24,21.91,21.91,21.21,21.21,6.77,6.77,2.38,2.38,10.97,10.97,10.58,10.58,10.12,10.12,9.53,9.53
ประจวบคีรีขันธ์,Prachuap Khiri Khan,2568,N/A,N/A,23.33,23.33,22.12,22.12,27.25,27.25,22.05,22.05,6.71,6.71,5.26,5.26,10.15,10.15,9.74,9.74,9.23,9.23,8.93,8.93
นครศรีธรรมราช,Nakhon Si Thammarat,2568,N/A,N/A,29.85,29.85,24.38,24.38,22.38,22.38,21.81,21.81,6.22,6.22,1.58,1.58,11.32,11.32,10.64,10.64,9.82,9.82,9.64,9.64
กระบี่,Krabi,2568,N/A,N/A,21.88,21.88,23.46,23.46,27.24,27.24,23.15,23.15,5.09,5.09,4.26,4.26,10.61,10.61,9.8,9.8,8.75,8.75,8.77,8.77
พังงา,Phang Nga,2568,N/A,N/A,21.75,21.75,23.67,23.67,32,32,19.68,19.68,5.92,5.92,2.9,2.9,10.46,10.46,9.73,9.73,8.76,8.76,8.9,8.9
ภูเก็ต,Phuket,2568,N/A,N/A,29.01,29.01,28.56,28.56,17.16,17.16,21.33,21.33,7.92,7.92,3.94,3.94,10.93,10.93,10.75,10.75,10.51,10.51,10.15,10.15
สุราษฎร์ธานี,Surat Thani,2568,N/A,N/A,25.23,25.23,25.58,25.58,23.24,23.24,23.66,23.66,6.76,6.76,2.29,2.29,10.9,10.9,10.32,10.32,9.53,9.53,9.57,9.57
ระนอง,Ranong,2568,N/A,N/A,14.08,14.08,19.4,19.4,41.35,41.35,23.54,23.54,5.82,5.82,1.64,1.64,9.28,9.28,8.93,8.93,8.43,8.43,8.3,8.3
ชุมพร,Chumphon,2568,N/A,N/A,23.51,23.51,27.77,27.77,25.39,25.39,21.78,21.78,6.6,6.6,1.56,1.56,11.07,11.07,10.18,10.18,8.91,8.91,9.43,9.43
สงขลา,Songkhla,2568,N/A,N/A,31.55,31.55,23.8,23.8,23.17,23.17,20.32,20.32,6.56,6.56,1.16,1.16,11.4,11.4,10.77,10.77,9.96,9.96,9.83,9.83
สตูล,Satun,2568,N/A,N/A,23.75,23.75,29.03,29.03,28.58,28.58,17.95,17.95,5.89,5.89,0.69,0.69,11.07,11.07,10.33,10.33,9.43,9.43,9.31,9.31
ตรัง,Trang,2568,N/A,N/A,25.8,25.8,23.93,23.93,27.76,27.76,20.4,20.4,5.92,5.92,2.12,2.12,10.79,10.79,10.16,10.16,9.37,9.37,9.2,9.2
พัทลุง,Phatthalung,2568,N/A,N/A,27.19,27.19,30.72,30.72,20.28,20.28,20.75,20.75,6.4,6.4,1.07,1.07,11.34,11.34,10.82,10.82,10.2,10.2,9.8,9.8
ปัตตานี,Pattani,2568,N/A,N/A,20.9,20.9,24.36,24.36,27.3,27.3,20.04,20.04,5.41,5.41,7.39,7.39,10.53,10.53,9.52,9.52,8.3,8.3,8.58,8.58
ยะลา,Yala,2568,N/A,N/A,18.14,18.14,30.15,30.15,28.61,28.61,21.96,21.96,5.56,5.56,1.14,1.14,10.94,10.94,9.96,9.96,8.77,8.77,9,9
นราธิวาส,Narathiwat,2568,N/A,N/A,19.26,19.26,22.17,22.17,37.42,37.42,16.97,16.97,4.26,4.26,4.17,4.17,10.29,10.29,9.31,9.31,8.14,8.14,8.15,8.15
ประเทศไทย,Thailand,2568,N/A,N/A,26.14,26.14,25.62,25.62,23.56,23.56,22.1,22.1,6.13,6.13,2.58,2.58,11.18,11.18,10.39,10.39,9.47,9.47,9.33,9.33
กรุงเทพมหานคร,Bangkok,2567,N/A,N/A,41.25,21.83,21.83,16.96,16.99,2.98,16.96,16.99,N/A,9.02,2.98,2.98,N/A,12.1,N/A,11.64,N/A,11.18,N/A,11.15
สมุทรปราการ,Samut Prakan,2567,N/A,N/A,25.58,27.19,27.19,23.76,23.04,0.43,23.76,23.04,N/A,7.38,0.43,0.43,N/A,10.84,N/A,10.7,N/A,10.56,N/A,10.09
นนทบุรี,Nonthaburi,2567,N/A,N/A,35.75,23.18,23.18,24.41,16.01,0.66,24.41,16.01,N/A,9.31,0.66,0.66,N/A,11.78,N/A,11.45,N/A,11.09,N/A,11.06
ปทุมธานี,Pathum Thani,2567,N/A,N/A,29.77,24.5,24.5,24.41,18.94,2.38,24.41,18.94,N/A,7.97,2.38,2.38,N/A,10.97,N/A,10.78,N/A,10.57,N/A,10.29
พระนครศรีอยุธยา,Phra Nakhon Si Ayutthaya,2567,N/A,N/A,31.9,28.07,28.07,22.17,15.98,1.88,22.17,15.98,N/A,6.79,1.88,1.88,N/A,11.74,N/A,11.06,N/A,10.32,N/A,9.98
อ่างทอง,Ang Thong,2567,N/A,N/A,24.03,31.37,31.37,23.66,19.65,1.29,23.66,19.65,N/A,5.75,1.29,1.29,N/A,11.5,N/A,10.63,N/A,9.68,N/A,9.38
ลพบุรี,Lopburi,2567,N/A,N/A,27.49,25.55,25.55,22.39,23.75,0.82,22.39,23.75,N/A,6.28,0.82,0.82,N/A,11.5,N/A,10.62,N/A,9.64,N/A,9.52
สิงห์บุรี,Singburi,2567,N/A,N/A,32.69,31.78,31.78,18.59,15.89,1.06,18.59,15.89,N/A,7.05,1.06,1.06,N/A,12.28,N/A,11.28,N/A,10.18,N/A,10.2
ชัยนาท,Chainat,2567,N/A,N/A,26.71,26.2,26.2,21.32,23.78,1.99,21.32,23.78,N/A,5.47,1.99,1.99,N/A,11.38,N/A,10.41,N/A,9.36,N/A,9.14
สระบุรี,Saraburi,2567,N/A,N/A,26.09,25.43,25.43,26.4,20.87,1.21,26.4,20.87,N/A,5.91,1.21,1.21,N/A,11.18,N/A,10.46,N/A,9.64,N/A,9.32
ชลบุรี,Chonburi,2567,N/A,N/A,27.09,24.83,24.83,24.09,20.97,3.01,24.09,20.97,N/A,6.11,3.01,3.01,N/A,10.78,N/A,10.36,N/A,9.9,N/A,9.49
ระยอง,Rayong,2567,N/A,N/A,26.77,30.25,30.25,20.08,20.42,2.49,20.08,20.42,N/A,5.55,2.49,2.49,N/A,10.96,N/A,10.58,N/A,10.09,N/A,9.73
จันทบุรี,Chanthaburi,2567,N/A,N/A,23.29,22.56,22.56,21.62,25.02,7.5,21.62,25.02,N/A,5.14,7.5,7.5,N/A,10.57,N/A,9.74,N/A,8.81,N/A,8.89
ตราด,Trat,2567,N/A,N/A,21.47,20.88,20.88,20.11,32.74,4.81,20.11,32.74,N/A,5.77,4.81,4.81,N/A,10.12,N/A,9.37,N/A,8.55,N/A,8.69
ฉะเชิงเทรา,Chachoengsao,2567,N/A,N/A,14.88,28.06,28.06,36.66,19.5,0.91,36.66,19.5,N/A,5.83,0.91,0.91,N/A,10.7,N/A,9.97,N/A,9.03,N/A,9.26
ปราจีนบุรี,Prachinburi,2567,N/A,N/A,25.94,30.97,30.97,23.24,18.85,1.01,23.24,18.85,N/A,5.59,1.01,1.01,N/A,11.53,N/A,10.72,N/A,9.83,N/A,9.75
นครนายก,Nakhon Nayok,2567,N/A,N/A,24.53,28.47,28.47,23.6,20.93,2.47,23.6,20.93,N/A,6.41,2.47,2.47,N/A,11.03,N/A,10.44,N/A,9.78,N/A,9.69
สระแก้ว,Sa Kaeo,2567,N/A,N/A,18.27,22.92,22.92,23.57,31.37,3.87,23.57,31.37,N/A,4.94,3.87,3.87,N/A,10.68,N/A,9.3,N/A,7.77,N/A,8.47
นครราชสีมา,Nakhon Ratchasima,2567,N/A,N/A,20.39,26.01,26.01,24.83,27.67,1.1,24.83,27.67,N/A,5.13,1.1,1.1,N/A,11.11,N/A,9.98,N/A,8.64,N/A,8.61
บุรีรัมย์,Buriram,2567,N/A,N/A,19.56,28.61,28.61,19.03,31.91,0.9,19.03,31.91,N/A,4.71,0.9,0.9,N/A,11.16,N/A,9.77,N/A,8.16,N/A,8.33
สุรินทร์,Surin,2567,N/A,N/A,18.97,27.87,27.87,21.7,30.19,1.26,21.7,30.19,N/A,4.97,1.26,1.26,N/A,10.97,N/A,9.82,N/A,8.48,N/A,8.44
ศรีสะเกษ,Si Sa Ket,2567,N/A,N/A,14.81,28.4,28.4,21.71,34.92,0.16,21.71,34.92,N/A,5.04,0.16,0.16,N/A,10.79,N/A,9.56,N/A,8.14,N/A,8.28
อุบลราชธานี,Ubon Ratchathani,2567,N/A,N/A,16.51,22.77,22.77,24.55,34.84,1.33,24.55,34.84,N/A,5.23,1.33,1.33,N/A,10.66,N/A,9.34,N/A,7.8,N/A,8.17
ยโสธร,Yasothon,2567,N/A,N/A,11.39,22.06,22.06,29.18,36.64,0.74,29.18,36.64,N/A,5.08,0.74,0.74,N/A,10.4,N/A,9.1,N/A,7.59,N/A,7.96
ชัยภูมิ,Chaiyaphum,2567,N/A,N/A,20.78,25.84,25.84,22.57,29.53,1.28,22.57,29.53,N/A,5.59,1.28,1.28,N/A,10.98,N/A,9.89,N/A,8.61,N/A,8.66
อำนาจเจริญ,Amnat Charoen,2567,N/A,N/A,20.54,24.46,24.46,20.95,33.68,0.37,20.95,33.68,N/A,4.99,0.37,0.37,N/A,11.19,N/A,9.75,N/A,8.08,N/A,8.4
บึงกาฬ,Bueng Kan,2567,N/A,N/A,11.37,26.27,26.27,29.11,33.25,0,29.11,33.25,N/A,5,0,0,N/A,10.63,N/A,9.28,N/A,7.72,N/A,8.07
หนองบัวลำภู,Nong Bua Lamphu,2567,N/A,N/A,17.5,24.5,24.5,22.98,33.83,1.18,22.98,33.83,N/A,5.03,1.18,1.18,N/A,10.85,N/A,9.53,N/A,7.98,N/A,8.24
ขอนแก่น,Khon Kaen,2567,N/A,N/A,19.58,28.92,28.92,25.51,25.8,0.19,25.51,25.8,N/A,5.56,0.19,0.19,N/A,11.41,N/A,10.06,N/A,8.48,N/A,8.78
อุดรธานี,Udon Thani,2567,N/A,N/A,17.83,22.48,22.48,23.85,35.39,0.45,23.85,35.39,N/A,5.3,0.45,0.45,N/A,10.87,N/A,9.42,N/A,7.72,N/A,8.25
เลย,Loei,2567,N/A,N/A,17.77,28.58,28.58,22.42,29.36,1.87,22.42,29.36,N/A,5.2,1.87,1.87,N/A,10.95,N/A,9.82,N/A,8.5,N/A,8.51
หนองคาย,Nong Khai,2567,N/A,N/A,18.01,22.27,22.27,24.79,33.23,1.69,24.79,33.23,N/A,5.46,1.69,1.69,N/A,10.7,N/A,9.43,N/A,7.93,N/A,8.31
มหาสารคาม,Maha Sarakham,2567,N/A,N/A,17.89,31.13,31.13,20.2,30.19,0.58,20.2,30.19,N/A,5.15,0.58,0.58,N/A,11.23,N/A,10.01,N/A,8.6,N/A,8.63
ร้อยเอ็ด,Roi Et,2567,N/A,N/A,19.75,25.3,25.3,25.78,28.83,0.34,25.78,28.83,N/A,5.41,0.34,0.34,N/A,11.19,N/A,9.99,N/A,8.59,N/A,8.68
กาฬสินธุ์,Kalasin,2567,N/A,N/A,14.36,30.48,30.48,20.09,34.9,0.17,20.09,34.9,N/A,5.06,0.17,0.17,N/A,11,N/A,9.62,N/A,8.01,N/A,8.32
สกลนคร,Sakon Nakhon,2567,N/A,N/A,16.54,22.35,22.35,27.51,33.06,0.54,27.51,33.06,N/A,5.16,0.54,0.54,N/A,10.83,N/A,9.43,N/A,7.81,N/A,8.22
นครพนม,Nakhon Phanom,2567,N/A,N/A,15.87,28.02,28.02,21.71,33.18,1.22,21.71,33.18,N/A,5.4,1.22,1.22,N/A,10.73,N/A,9.5,N/A,8.07,N/A,8.34
มุกดาหาร,Mukdahan,2567,N/A,N/A,15.21,22.88,22.88,26.27,35.11,0.53,26.27,35.11,N/A,4.98,0.53,0.53,N/A,10.52,N/A,9.31,N/A,7.91,N/A,8.08
เชียงใหม่,Chiang Mai,2567,N/A,N/A,28.67,18.05,18.05,15.59,26.43,11.25,15.59,26.43,N/A,5.6,11.25,11.25,N/A,10.36,N/A,9.45,N/A,8.33,N/A,8.3
ลำพูน,Lamphun,2567,N/A,N/A,24.88,29.95,29.95,18.97,20.29,5.91,18.97,20.29,N/A,5.27,5.91,5.91,N/A,11.28,N/A,10.18,N/A,8.82,N/A,8.71
ลำปาง,Lampang,2567,N/A,N/A,29.73,25.41,25.41,19.69,22.73,2.44,19.69,22.73,N/A,5.46,2.44,2.44,N/A,11.55,N/A,10.45,N/A,9.18,N/A,8.88
อุตรดิตถ์,Uttaradit,2567,N/A,N/A,25.82,28.44,28.44,20.72,23.76,1.26,20.72,23.76,N/A,5.58,1.26,1.26,N/A,11.69,N/A,10.51,N/A,9.18,N/A,8.96
แพร่,Phrae,2567,N/A,N/A,32.22,27.98,27.98,18.42,20.76,0.62,18.42,20.76,N/A,5.91,0.62,0.62,N/A,12.18,N/A,11,N/A,9.65,N/A,9.4
น่าน,Nan,2567,N/A,N/A,19.82,30.28,30.28,21.21,23.64,5.05,21.21,23.64,N/A,4.64,5.05,5.05,N/A,11.12,N/A,9.82,N/A,8.36,N/A,8.19
พะเยา,Phayao,2567,N/A,N/A,29.43,26.57,26.57,18.5,23.96,1.54,18.5,23.96,N/A,5.04,1.54,1.54,N/A,11.88,N/A,10.66,N/A,9.28,N/A,8.9
เชียงราย,Chiang Rai,2567,N/A,N/A,10.84,24.87,24.87,21.79,33.73,8.77,21.79,33.73,N/A,3.71,8.77,8.77,N/A,9.92,N/A,8.35,N/A,6.54,N/A,6.92
แม่ฮ่องสอน,Mae Hong Son,2567,N/A,N/A,12.89,21.24,21.24,20.35,25.65,19.88,20.35,25.65,N/A,3.46,19.88,19.88,N/A,9.92,N/A,7.76,N/A,5.31,N/A,6.42
นครสวรรค์,Nakhon Sawan,2567,N/A,N/A,22.54,24.35,24.35,21.97,25.54,5.59,21.97,25.54,N/A,5.48,5.59,5.59,N/A,11.01,N/A,9.75,N/A,8.31,N/A,8.42
อุทัยธานี,Uthai Thani,2567,N/A,N/A,20.42,23.84,23.84,20.67,31.42,3.65,20.67,31.42,N/A,5.56,3.65,3.65,N/A,10.83,N/A,9.61,N/A,8.24,N/A,8.34
กำแพงเพชร,Kamphaeng Phet,2567,N/A,N/A,20.07,21.5,21.5,21.4,35.74,1.29,21.4,35.74,N/A,4.96,1.29,1.29,N/A,10.97,N/A,9.49,N/A,7.8,N/A,8.07
ตาก,Tak,2567,N/A,N/A,14.03,16.83,16.83,20.04,27.63,21.47,20.04,27.63,N/A,4.31,21.47,21.47,N/A,8.48,N/A,7.56,N/A,6.46,N/A,6.57
สุโขทัย,Sukhothai,2567,N/A,N/A,20.24,22.45,22.45,23.87,32.11,1.33,23.87,32.11,N/A,5.27,1.33,1.33,N/A,11.12,N/A,9.65,N/A,7.98,N/A,8.27
พิษณุโลก,Phitsanulok,2567,N/A,N/A,23.59,24.45,24.45,23.41,27.43,1.12,23.41,27.43,N/A,5.37,1.12,1.12,N/A,11.33,N/A,10.1,N/A,8.69,N/A,8.62
พิจิตร,Phichit,2567,N/A,N/A,22.43,23.83,23.83,24.92,27.64,1.19,24.92,27.64,N/A,4.97,1.19,1.19,N/A,11.13,N/A,10.03,N/A,8.77,N/A,8.46
เพชรบูรณ์,Phetchabun,2567,N/A,N/A,23.15,21.53,21.53,21.65,31.69,1.98,21.65,31.69,N/A,4.82,1.98,1.98,N/A,11.21,N/A,9.69,N/A,7.94,N/A,8.17
ราชบุรี,Ratchaburi,2567,N/A,N/A,22.33,22.54,22.54,21.78,30.47,2.88,21.78,30.47,N/A,6.01,2.88,2.88,N/A,10.53,N/A,9.72,N/A,8.75,N/A,8.74
กาญจนบุรี,Kanchanaburi,2567,N/A,N/A,21.94,21.35,21.35,21.8,29.15,5.76,21.8,29.15,N/A,4.6,5.76,5.76,N/A,10.46,N/A,9.45,N/A,8.31,N/A,8.15
สุพรรณบุรี,Suphanburi,2567,N/A,N/A,20.12,23.2,23.2,30.76,25.71,0.21,30.76,25.71,N/A,5.12,0.21,0.21,N/A,11.18,N/A,10.05,N/A,8.78,N/A,8.7
นครปฐม,Nakhon Pathom,2567,N/A,N/A,28.87,21.1,21.1,21.11,26.32,2.59,21.11,26.32,N/A,6.4,2.59,2.59,N/A,10.79,N/A,10.35,N/A,9.81,N/A,9.69
สมุทรสาคร,Samut Sakhon,2567,N/A,N/A,18.09,25.63,25.63,25.59,25.39,5.3,25.59,25.39,N/A,6.27,5.3,5.3,N/A,10.56,N/A,9.65,N/A,8.66,N/A,9.02
สมุทรสงคราม,Samut Songkhram,2567,N/A,N/A,27.89,23.69,23.69,18.88,26.9,2.65,18.88,26.9,N/A,7.28,2.65,2.65,N/A,10.76,N/A,10.29,N/A,9.71,N/A,9.52
เพชรบุรี,Phetchaburi,2567,N/A,N/A,24.42,29.02,29.02,21.65,22.5,2.4,21.65,22.5,N/A,5.96,2.4,2.4,N/A,11.36,N/A,10.46,N/A,9.4,N/A,9.26
ประจวบคีรีขันธ์,Prachuap Khiri Khan,2567,N/A,N/A,22.44,22.64,22.64,21.43,25.48,8.02,21.43,25.48,N/A,6.05,8.02,8.02,N/A,10.14,N/A,9.5,N/A,8.74,N/A,8.6
นครศรีธรรมราช,Nakhon Si Thammarat,2567,N/A,N/A,27.82,21.78,21.78,21.1,26.3,3,21.1,26.3,N/A,5.89,3,3,N/A,10.76,N/A,10.2,N/A,9.52,N/A,9.25
กระบี่,Krabi,2567,N/A,N/A,22.8,23.99,23.99,23.26,26.32,3.62,23.26,26.32,N/A,5.32,3.62,3.62,N/A,10.83,N/A,10,N/A,8.93,N/A,9.01
พังงา,Phang Nga,2567,N/A,N/A,22.75,20.95,20.95,20.93,30.62,4.75,20.93,30.62,N/A,5.69,4.75,4.75,N/A,10.15,N/A,9.59,N/A,8.86,N/A,8.77
ภูเก็ต,Phuket,2567,N/A,N/A,29.41,25.83,25.83,20.68,20.36,3.73,20.68,20.36,N/A,7.29,3.73,3.73,N/A,10.79,N/A,10.59,N/A,10.32,N/A,9.92
สุราษฎร์ธานี,Surat Thani,2567,N/A,N/A,21.94,25.99,25.99,24.79,23.52,3.77,24.79,23.52,N/A,6.68,3.77,3.77,N/A,10.3,N/A,10.03,N/A,9.65,N/A,9.35
ระนอง,Ranong,2567,N/A,N/A,14.99,21.13,21.13,21.23,40.22,2.42,21.23,40.22,N/A,5.74,2.42,2.42,N/A,9.13,N/A,8.86,N/A,8.48,N/A,8.26
ชุมพร,Chumphon,2567,N/A,N/A,19.29,25.97,25.97,21.78,28.59,4.38,21.78,28.59,N/A,5.79,4.38,4.38,N/A,10.04,N/A,9.53,N/A,8.81,N/A,8.78
สงขลา,Songkhla,2567,N/A,N/A,34.95,23.49,23.49,18.39,22.41,0.76,18.39,22.41,N/A,6.81,0.76,0.76,N/A,11.57,N/A,11.08,N/A,10.45,N/A,10.16
สตูล,Satun,2567,N/A,N/A,21.62,25.69,25.69,19.69,32.15,0.85,19.69,32.15,N/A,5.07,0.85,0.85,N/A,10.6,N/A,9.94,N/A,9.14,N/A,8.86
ตรัง,Trang,2567,N/A,N/A,22.25,26.12,26.12,17.82,30.54,3.28,17.82,30.54,N/A,5.39,3.28,3.28,N/A,10.56,N/A,9.81,N/A,8.87,N/A,8.85
พัทลุง,Phatthalung,2567,N/A,N/A,25.28,28.5,28.5,22.58,22.03,1.61,22.58,22.03,N/A,6.02,1.61,1.61,N/A,11.05,N/A,10.49,N/A,9.83,N/A,9.49
ปัตตานี,Pattani,2567,N/A,N/A,19.98,23.27,23.27,17.91,31.69,7.14,17.91,31.69,N/A,4.87,7.14,7.14,N/A,10.16,N/A,9.3,N/A,8.25,N/A,8.32
ยะลา,Yala,2567,N/A,N/A,18.24,32.71,32.71,22.47,25.64,0.94,22.47,25.64,N/A,5.4,0.94,0.94,N/A,11.11,N/A,10.19,N/A,9.08,N/A,9.2
นราธิวาส,Narathiwat,2567,N/A,N/A,16.39,23.13,23.13,18.16,36.69,5.63,18.16,36.69,N/A,4.5,5.63,5.63,N/A,9.76,N/A,9,N/A,8.08,N/A,7.99
ประเทศไทย,Thailand,2567,N/A,N/A,25.58,24.6,24.6,21.93,25.21,2.68,21.93,25.21,N/A,5.99,2.68,2.68,N/A,11.06,N/A,10.25,N/A,9.33,N/A,9.22
กรุงเทพมหานคร,Bangkok,2566,N/A,N/A,39.48,22.8,22.8,17.71,16.99,3.02,17.71,16.99,N/A,9,3.02,3.02,N/A,11.97,N/A,11.52,N/A,11.06,N/A,11.07
สมุทรปราการ,Samut Prakan,2566,N/A,N/A,29.19,30.94,30.94,23.68,15.4,0.79,23.68,15.4,N/A,7.01,0.79,0.79,N/A,11.73,N/A,11.16,N/A,10.55,N/A,10.44
นนทบุรี,Nonthaburi,2566,N/A,N/A,39.94,20.51,20.51,21.8,15.76,1.99,21.8,15.76,N/A,9.64,1.99,1.99,N/A,11.76,N/A,11.52,N/A,11.24,N/A,11.2
ปทุมธานี,Pathum Thani,2566,N/A,N/A,33.52,25.97,25.97,22.45,17.58,0.47,22.45,17.58,N/A,8.05,0.47,0.47,N/A,11.76,N/A,11.33,N/A,10.81,N/A,10.78
พระนครศรีอยุธยา,Phra Nakhon Si Ayutthaya,2566,N/A,N/A,34.16,29.87,29.87,20.76,13.89,1.31,20.76,13.89,N/A,6.57,1.31,1.31,N/A,12.11,N/A,11.37,N/A,10.53,N/A,10.22
อ่างทอง,Ang Thong,2566,N/A,N/A,25.39,30.73,30.73,23.14,19.53,1.2,23.14,19.53,N/A,5.79,1.2,1.2,N/A,11.4,N/A,10.69,N/A,9.92,N/A,9.48
ลพบุรี,Lopburi,2566,N/A,N/A,24.78,29.25,29.25,23.48,22.49,0,23.48,22.49,N/A,5.88,0,0,N/A,11.51,N/A,10.61,N/A,9.61,N/A,9.45
สิงห์บุรี,Singburi,2566,N/A,N/A,34.62,24.14,24.14,22.55,17.27,1.43,22.55,17.27,N/A,6.29,1.43,1.43,N/A,12.12,N/A,11.11,N/A,10.01,N/A,9.92
ชัยนาท,Chainat,2566,N/A,N/A,23.36,25.74,25.74,23.34,25.91,1.65,23.34,25.91,N/A,5.27,1.65,1.65,N/A,11.17,N/A,10.14,N/A,9.02,N/A,8.93
สระบุรี,Saraburi,2566,N/A,N/A,25.63,25.41,25.41,25.08,22.61,1.27,25.08,22.61,N/A,5.71,1.27,1.27,N/A,11.1,N/A,10.34,N/A,9.48,N/A,9.22
ชลบุรี,Chonburi,2566,N/A,N/A,29.85,26.28,26.28,24.75,14.77,4.35,24.75,14.77,N/A,6.05,4.35,4.35,N/A,10.96,N/A,10.69,N/A,10.37,N/A,9.81
ระยอง,Rayong,2566,N/A,N/A,28.59,30.69,30.69,21.3,17.73,1.68,21.3,17.73,N/A,5.7,1.68,1.68,N/A,11.48,N/A,10.85,N/A,10.04,N/A,9.99
จันทบุรี,Chanthaburi,2566,N/A,N/A,26.44,21.4,21.4,22.87,24.38,4.91,22.87,24.38,N/A,5.44,4.91,4.91,N/A,11.13,N/A,10.14,N/A,9,N/A,9.3
ตราด,Trat,2566,N/A,N/A,21.91,18.03,18.03,19.39,36.26,4.42,19.39,36.26,N/A,5.75,4.42,4.42,N/A,9.9,N/A,9.23,N/A,8.49,N/A,8.6
ฉะเชิงเทรา,Chachoengsao,2566,N/A,N/A,18.4,26.29,26.29,30.2,21.5,3.61,30.2,21.5,N/A,5.4,3.61,3.61,N/A,10.72,N/A,9.88,N/A,8.79,N/A,9.13
ปราจีนบุรี,Prachinburi,2566,N/A,N/A,25.28,31.18,31.18,21.81,21.13,0.58,21.81,21.13,N/A,5.81,0.58,0.58,N/A,11.54,N/A,10.64,N/A,9.62,N/A,9.75
นครนายก,Nakhon Nayok,2566,N/A,N/A,21.78,28.65,28.65,25.68,21.58,2.32,25.68,21.58,N/A,5.88,2.32,2.32,N/A,11.21,N/A,10.26,N/A,9.17,N/A,9.47
สระแก้ว,Sa Kaeo,2566,N/A,N/A,15.82,23.24,23.24,25.47,32.89,2.58,25.47,32.89,N/A,4.77,2.58,2.58,N/A,10.62,N/A,9.27,N/A,7.76,N/A,8.45
นครราชสีมา,Nakhon Ratchasima,2566,N/A,N/A,18.71,27.85,27.85,24.06,28.2,1.18,24.06,28.2,N/A,5.28,1.18,1.18,N/A,11.16,N/A,9.92,N/A,8.49,N/A,8.65
บุรีรัมย์,Buriram,2566,N/A,N/A,17.89,27.92,27.92,19.54,32.95,1.7,19.54,32.95,N/A,4.93,1.7,1.7,N/A,10.79,N/A,9.57,N/A,8.2,N/A,8.29
สุรินทร์,Surin,2566,N/A,N/A,14.28,27.59,27.59,23.19,34.01,0.93,23.19,34.01,N/A,4.65,0.93,0.93,N/A,10.6,N/A,9.38,N/A,8,N/A,8.08
ศรีสะเกษ,Si Sa Ket,2566,N/A,N/A,15.3,22.45,22.45,20.82,39.98,1.46,20.82,39.98,N/A,4.69,1.46,1.46,N/A,10.3,N/A,9.1,N/A,7.75,N/A,7.88
อุบลราชธานี,Ubon Ratchathani,2566,N/A,N/A,13.88,23.25,23.25,24.45,37.9,0.53,24.45,37.9,N/A,5.19,0.53,0.53,N/A,10.45,N/A,9.17,N/A,7.74,N/A,8.08
ยโสธร,Yasothon,2566,N/A,N/A,14.92,23.74,23.74,23.21,37.88,0.25,23.21,37.88,N/A,4.65,0.25,0.25,N/A,10.83,N/A,9.33,N/A,7.65,N/A,8.04
ชัยภูมิ,Chaiyaphum,2566,N/A,N/A,16.9,26.45,26.45,23.58,31.92,1.15,23.58,31.92,N/A,5.6,1.15,1.15,N/A,10.8,N/A,9.63,N/A,8.32,N/A,8.52
อำนาจเจริญ,Amnat Charoen,2566,N/A,N/A,15.93,24.87,24.87,22.07,36.3,0.84,22.07,36.3,N/A,5.06,0.84,0.84,N/A,10.71,N/A,9.3,N/A,7.71,N/A,8.13
บึงกาฬ,Bueng Kan,2566,N/A,N/A,11.51,20.97,20.97,29.03,38.15,0.34,29.03,38.15,N/A,4.89,0.34,0.34,N/A,10.47,N/A,8.92,N/A,7.18,N/A,7.81
หนองบัวลำภู,Nong Bua Lamphu,2566,N/A,N/A,14.12,22.41,22.41,21.07,41.34,1.06,21.07,41.34,N/A,4.66,1.06,1.06,N/A,10.39,N/A,9.03,N/A,7.5,N/A,7.83
ขอนแก่น,Khon Kaen,2566,N/A,N/A,22.23,25.73,25.73,25.78,26.25,0,25.78,26.25,N/A,5.4,0,0,N/A,11.28,N/A,10.11,N/A,8.79,N/A,8.82
อุดรธานี,Udon Thani,2566,N/A,N/A,17.96,22.92,22.92,23.77,35.06,0.29,23.77,35.06,N/A,5.11,0.29,0.29,N/A,10.9,N/A,9.52,N/A,7.96,N/A,8.3
เลย,Loei,2566,N/A,N/A,17.43,23,23,20.85,36.17,2.55,20.85,36.17,N/A,4.97,2.55,2.55,N/A,10.5,N/A,9.4,N/A,8.16,N/A,8.18
หนองคาย,Nong Khai,2566,N/A,N/A,17.82,23.9,23.9,22.3,34.66,1.31,22.3,34.66,N/A,5.72,1.31,1.31,N/A,10.85,N/A,9.52,N/A,8,N/A,8.48
มหาสารคาม,Maha Sarakham,2566,N/A,N/A,18.57,31.85,31.85,19.15,30.06,0.36,19.15,30.06,N/A,5.23,0.36,0.36,N/A,11.39,N/A,10.07,N/A,8.58,N/A,8.73
ร้อยเอ็ด,Roi Et,2566,N/A,N/A,21.4,26.97,26.97,21.33,29.71,0.59,21.33,29.71,N/A,5.15,0.59,0.59,N/A,11.33,N/A,10.03,N/A,8.58,N/A,8.69
กาฬสินธุ์,Kalasin,2566,N/A,N/A,16.16,28.79,28.79,19.34,35.05,0.67,19.34,35.05,N/A,5,0.67,0.67,N/A,11.07,N/A,9.62,N/A,8,N/A,8.35
สกลนคร,Sakon Nakhon,2566,N/A,N/A,13.69,24.42,24.42,23.19,38.27,0.43,23.19,38.27,N/A,4.94,0.43,0.43,N/A,10.52,N/A,9.16,N/A,7.63,N/A,8
นครพนม,Nakhon Phanom,2566,N/A,N/A,14.1,25.92,25.92,21.59,37.45,0.94,21.59,37.45,N/A,5.18,0.94,0.94,N/A,10.38,N/A,9.21,N/A,7.9,N/A,8.1
มุกดาหาร,Mukdahan,2566,N/A,N/A,12.69,23.02,23.02,26.48,36.69,1.12,26.48,36.69,N/A,5.14,1.12,1.12,N/A,10.28,N/A,9.12,N/A,7.8,N/A,8.02
เชียงใหม่,Chiang Mai,2566,N/A,N/A,30.32,19.9,19.9,12.99,24.16,12.64,12.99,24.16,N/A,5.24,12.64,12.64,N/A,10.75,N/A,9.6,N/A,8.23,N/A,8.34
ลำพูน,Lamphun,2566,N/A,N/A,24.5,28.25,28.25,18.22,22.16,6.87,18.22,22.16,N/A,5.04,6.87,6.87,N/A,11.02,N/A,9.93,N/A,8.63,N/A,8.51
ลำปาง,Lampang,2566,N/A,N/A,32.93,22.65,22.65,16.71,25.43,2.28,16.71,25.43,N/A,5.53,2.28,2.28,N/A,12.01,N/A,10.52,N/A,8.87,N/A,9
อุตรดิตถ์,Uttaradit,2566,N/A,N/A,26.91,28.93,28.93,17.69,25.22,1.26,17.69,25.22,N/A,5.52,1.26,1.26,N/A,12.07,N/A,10.59,N/A,8.96,N/A,9.05
แพร่,Phrae,2566,N/A,N/A,31.67,25.9,25.9,20.66,21.09,0.68,20.66,21.09,N/A,5.69,0.68,0.68,N/A,12.15,N/A,10.88,N/A,9.47,N/A,9.3
น่าน,Nan,2566,N/A,N/A,21.81,34.13,34.13,18.42,23.69,1.96,18.42,23.69,N/A,5.03,1.96,1.96,N/A,11.9,N/A,10.35,N/A,8.65,N/A,8.73
พะเยา,Phayao,2566,N/A,N/A,24.52,27.91,27.91,18.83,25.45,3.29,18.83,25.45,N/A,4.65,3.29,3.29,N/A,11.44,N/A,10.12,N/A,8.68,N/A,8.46
เชียงราย,Chiang Rai,2566,N/A,N/A,11.35,23.33,23.33,22.12,33.57,9.64,22.12,33.57,N/A,3.6,9.64,9.64,N/A,9.9,N/A,8.23,N/A,6.35,N/A,6.84
แม่ฮ่องสอน,Mae Hong Son,2566,N/A,N/A,11.93,21.97,21.97,19.36,25.45,21.29,19.36,25.45,N/A,2.9,21.29,21.29,N/A,9.62,N/A,7.63,N/A,5.41,N/A,6.21
นครสวรรค์,Nakhon Sawan,2566,N/A,N/A,23.52,25.83,25.83,21.19,23.17,6.28,21.19,23.17,N/A,5.07,6.28,6.28,N/A,11.36,N/A,9.9,N/A,8.27,N/A,8.43
อุทัยธานี,Uthai Thani,2566,N/A,N/A,19.99,21.87,21.87,22.2,34.16,1.79,22.2,34.16,N/A,5.34,1.79,1.79,N/A,10.76,N/A,9.53,N/A,8.18,N/A,8.26
กำแพงเพชร,Kamphaeng Phet,2566,N/A,N/A,19.04,19.5,19.5,23.81,35.47,2.18,23.81,35.47,N/A,4.64,2.18,2.18,N/A,10.85,N/A,9.3,N/A,7.58,N/A,7.89
ตาก,Tak,2566,N/A,N/A,16.25,16.62,16.62,17.67,28.05,21.42,17.67,28.05,N/A,4.42,21.42,21.42,N/A,8.59,N/A,7.67,N/A,6.61,N/A,6.71
สุโขทัย,Sukhothai,2566,N/A,N/A,20.49,26.41,26.41,20,31.59,1.51,20,31.59,N/A,4.91,1.51,1.51,N/A,11.39,N/A,9.76,N/A,7.97,N/A,8.28
พิษณุโลก,Phitsanulok,2566,N/A,N/A,23.16,24.73,24.73,21.06,30.44,0.6,21.06,30.44,N/A,5.57,0.6,0.6,N/A,11.39,N/A,10.06,N/A,8.58,N/A,8.69
พิจิตร,Phichit,2566,N/A,N/A,22.46,25.16,25.16,26.74,24.45,1.19,26.74,24.45,N/A,5.13,1.19,1.19,N/A,11.42,N/A,10.17,N/A,8.76,N/A,8.65
เพชรบูรณ์,Phetchabun,2566,N/A,N/A,22.2,23.09,23.09,22.27,29.76,2.67,22.27,29.76,N/A,4.86,2.67,2.67,N/A,11.09,N/A,9.7,N/A,8.15,N/A,8.24
ราชบุรี,Ratchaburi,2566,N/A,N/A,24.54,22.38,22.38,19.76,31.08,2.23,19.76,31.08,N/A,5.75,2.23,2.23,N/A,10.85,N/A,9.89,N/A,8.74,N/A,8.84
กาญจนบุรี,Kanchanaburi,2566,N/A,N/A,20.93,22.1,22.1,20.52,32.64,3.81,20.52,32.64,N/A,4.66,3.81,3.81,N/A,10.58,N/A,9.44,N/A,8.16,N/A,8.19
สุพรรณบุรี,Suphanburi,2566,N/A,N/A,15.91,20.27,20.27,32.13,30.92,0.77,32.13,30.92,N/A,4.87,0.77,0.77,N/A,10.69,N/A,9.48,N/A,8.13,N/A,8.26
นครปฐม,Nakhon Pathom,2566,N/A,N/A,30.26,21.2,21.2,19.93,25.23,3.38,19.93,25.23,N/A,6.27,3.38,3.38,N/A,11.01,N/A,10.44,N/A,9.73,N/A,9.77
สมุทรสาคร,Samut Sakhon,2566,N/A,N/A,17.98,21.58,21.58,26.96,24.1,9.38,26.96,24.1,N/A,6.08,9.38,9.38,N/A,9.79,N/A,9.23,N/A,8.5,N/A,8.71
สมุทรสงคราม,Samut Songkhram,2566,N/A,N/A,26.41,23.27,23.27,18.62,28.7,3,18.62,28.7,N/A,6.95,3,3,N/A,10.5,N/A,10.01,N/A,9.41,N/A,9.25
เพชรบุรี,Phetchaburi,2566,N/A,N/A,23.87,23.34,23.34,22.34,25.87,4.59,22.34,25.87,N/A,5.73,4.59,4.59,N/A,11.15,N/A,9.95,N/A,8.54,N/A,8.87
ประจวบคีรีขันธ์,Prachuap Khiri Khan,2566,N/A,N/A,24.2,21.92,21.92,21.24,26.3,6.34,21.24,26.3,N/A,5.93,6.34,6.34,N/A,10.54,N/A,9.77,N/A,8.85,N/A,8.8
นครศรีธรรมราช,Nakhon Si Thammarat,2566,N/A,N/A,28.66,23.39,23.39,21.44,25.31,1.2,21.44,25.31,N/A,5.76,1.2,1.2,N/A,11.23,N/A,10.53,N/A,9.67,N/A,9.52
กระบี่,Krabi,2566,N/A,N/A,23.95,20.94,20.94,22.81,28.55,3.75,22.81,28.55,N/A,5.2,3.75,3.75,N/A,10.71,N/A,9.93,N/A,8.9,N/A,8.96
พังงา,Phang Nga,2566,N/A,N/A,23.01,20.99,20.99,24.42,29.8,1.78,24.42,29.8,N/A,5.86,1.78,1.78,N/A,10.57,N/A,9.86,N/A,8.92,N/A,9.06
ภูเก็ต,Phuket,2566,N/A,N/A,33.67,26.22,26.22,18.58,20.68,0.85,18.58,20.68,N/A,7.51,0.85,0.85,N/A,11.4,N/A,11.1,N/A,10.69,N/A,10.4
สุราษฎร์ธานี,Surat Thani,2566,N/A,N/A,21.77,26.44,26.44,20.18,26.24,5.39,20.18,26.24,N/A,6.34,5.39,5.39,N/A,10.32,N/A,9.78,N/A,9.03,N/A,9.11
ระนอง,Ranong,2566,N/A,N/A,16.8,22.57,22.57,20.85,38.4,1.38,20.85,38.4,N/A,6.06,1.38,1.38,N/A,9.63,N/A,9.17,N/A,8.5,N/A,8.58
ชุมพร,Chumphon,2566,N/A,N/A,18.61,23.34,23.34,25.8,28.93,3.32,25.8,28.93,N/A,5.77,3.32,3.32,N/A,9.76,N/A,9.43,N/A,8.97,N/A,8.72
สงขลา,Songkhla,2566,N/A,N/A,33.5,21.87,21.87,18.77,24.92,0.93,18.77,24.92,N/A,7.24,0.93,0.93,N/A,11.44,N/A,10.8,N/A,9.97,N/A,10.05
สตูล,Satun,2566,N/A,N/A,23.93,24.84,24.84,19.66,30.24,1.33,19.66,30.24,N/A,5.14,1.33,1.33,N/A,10.67,N/A,10.04,N/A,9.28,N/A,9
ตรัง,Trang,2566,N/A,N/A,22.86,27.57,27.57,18.85,29.3,1.41,18.85,29.3,N/A,5.81,1.41,1.41,N/A,10.88,N/A,10.09,N/A,9.1,N/A,9.19
พัทลุง,Phatthalung,2566,N/A,N/A,25.53,28.66,28.66,22.64,22.5,0.67,22.64,22.5,N/A,5.96,0.67,0.67,N/A,11.32,N/A,10.56,N/A,9.64,N/A,9.57
ปัตตานี,Pattani,2566,N/A,N/A,18,21.21,21.21,17.59,34.01,9.19,17.59,34.01,N/A,4.67,9.19,9.19,N/A,10.07,N/A,8.85,N/A,7.35,N/A,7.95
ยะลา,Yala,2566,N/A,N/A,19.42,33.55,33.55,21.06,24.86,1.11,21.06,24.86,N/A,5.24,1.11,1.11,N/A,11.3,N/A,10.27,N/A,9.02,N/A,9.23
นราธิวาส,Narathiwat,2566,N/A,N/A,17.59,22.85,22.85,16.25,36.19,7.13,16.25,36.19,N/A,4.57,7.13,7.13,N/A,9.86,N/A,9.01,N/A,7.98,N/A,8.05
ประเทศไทย,Thailand,2566,N/A,N/A,25.72,24.69,24.69,21.43,25.38,2.78,21.43,25.38,N/A,5.9,2.78,2.78,N/A,11.13,N/A,10.24,N/A,9.23,N/A,9.23
กรุงเทพมหานคร,Bangkok,2565,N/A,N/A,39.08,22.81,22.81,16.84,18.74,2.53,16.84,18.74,N/A,9.03,2.53,2.53,N/A,12.07,N/A,11.49,N/A,10.86,N/A,11.07
สมุทรปราการ,Samut Prakan,2565,N/A,N/A,31.29,29.56,29.56,21.27,16.72,1.16,21.27,16.72,N/A,7.32,1.16,1.16,N/A,11.69,N/A,11.22,N/A,10.69,N/A,10.57
นนทบุรี,Nonthaburi,2565,N/A,N/A,45.01,20.07,20.07,18.45,12.22,4.24,18.45,12.22,N/A,9.57,4.24,4.24,N/A,12.03,N/A,11.79,N/A,11.5,N/A,11.43
ปทุมธานี,Pathum Thani,2565,N/A,N/A,35.64,26.67,26.67,21.94,13.84,1.91,21.94,13.84,N/A,7.6,1.91,1.91,N/A,11.99,N/A,11.45,N/A,10.8,N/A,10.83
พระนครศรีอยุธยา,Phra Nakhon Si Ayutthaya,2565,N/A,N/A,31.99,30.65,30.65,20.41,16.42,0.53,20.41,16.42,N/A,5.87,0.53,0.53,N/A,11.85,N/A,11.18,N/A,10.41,N/A,9.95
อ่างทอง,Ang Thong,2565,N/A,N/A,26.9,30.88,30.88,22.92,18.68,0.62,22.92,18.68,N/A,6.03,0.62,0.62,N/A,11.79,N/A,10.87,N/A,9.88,N/A,9.71
ลพบุรี,Lopburi,2565,N/A,N/A,24.92,26.19,26.19,21.16,26.65,1.08,21.16,26.65,N/A,5.68,1.08,1.08,N/A,11.52,N/A,10.21,N/A,8.77,N/A,9.14
สิงห์บุรี,Singburi,2565,N/A,N/A,34.96,27.39,27.39,18.82,17.63,1.2,18.82,17.63,N/A,6.4,1.2,1.2,N/A,12.12,N/A,11.31,N/A,10.42,N/A,10.13
ชัยนาท,Chainat,2565,N/A,N/A,25.63,22.05,22.05,22.3,28.31,1.72,22.3,28.31,N/A,5.46,1.72,1.72,N/A,11.13,N/A,10.06,N/A,8.91,N/A,8.95
สระบุรี,Saraburi,2565,N/A,N/A,24.95,22.11,22.11,25.05,26.25,1.64,25.05,26.25,N/A,5.48,1.64,1.64,N/A,10.98,N/A,10.05,N/A,9.04,N/A,8.96
ชลบุรี,Chonburi,2565,N/A,N/A,30.6,26.65,26.65,24.75,16.12,1.88,24.75,16.12,N/A,6,1.88,1.88,N/A,11.43,N/A,10.91,N/A,10.28,N/A,10.05
ระยอง,Rayong,2565,N/A,N/A,31.99,28.42,28.42,21.41,17.64,0.54,21.41,17.64,N/A,5.3,0.54,0.54,N/A,11.91,N/A,11.09,N/A,10.04,N/A,10.13
จันทบุรี,Chanthaburi,2565,N/A,N/A,25.19,18.47,18.47,21.99,31.81,2.54,21.99,31.81,N/A,4.91,2.54,2.54,N/A,10.98,N/A,9.84,N/A,8.49,N/A,8.99
ตราด,Trat,2565,N/A,N/A,23.78,20.57,20.57,18.99,30.31,6.36,18.99,30.31,N/A,5.61,6.36,6.36,N/A,10.25,N/A,9.49,N/A,8.63,N/A,8.81
ฉะเชิงเทรา,Chachoengsao,2565,N/A,N/A,25.88,25.88,25.88,23,22.98,2.26,23,22.98,N/A,5.44,2.26,2.26,N/A,11.2,N/A,10.37,N/A,9.3,N/A,9.55
ปราจีนบุรี,Prachinburi,2565,N/A,N/A,30.47,28.14,28.14,20.57,19.02,1.81,20.57,19.02,N/A,5.85,1.81,1.81,N/A,11.64,N/A,10.81,N/A,9.87,N/A,9.93
นครนายก,Nakhon Nayok,2565,N/A,N/A,23.62,28.73,28.73,22.79,22.47,2.38,22.79,22.47,N/A,6.41,2.38,2.38,N/A,11.17,N/A,10.31,N/A,9.31,N/A,9.63
สระแก้ว,Sa Kaeo,2565,N/A,N/A,19.66,23.16,23.16,21.01,33.21,2.96,21.01,33.21,N/A,4.36,2.96,2.96,N/A,10.88,N/A,9.43,N/A,7.79,N/A,8.54
นครราชสีมา,Nakhon Ratchasima,2565,N/A,N/A,20.25,24.74,24.74,23.79,30.39,0.83,23.79,30.39,N/A,5.31,0.83,0.83,N/A,10.93,N/A,9.84,N/A,8.64,N/A,8.64
บุรีรัมย์,Buriram,2565,N/A,N/A,17.27,26.92,26.92,19.61,34.5,1.71,19.61,34.5,N/A,4.6,1.71,1.71,N/A,10.89,N/A,9.49,N/A,7.96,N/A,8.18
สุรินทร์,Surin,2565,N/A,N/A,11.88,23.03,23.03,24.61,39.19,1.28,24.61,39.19,N/A,4.36,1.28,1.28,N/A,10.46,N/A,8.83,N/A,7.06,N/A,7.64
ศรีสะเกษ,Si Sa Ket,2565,N/A,N/A,13.54,22.8,22.8,19.79,41.46,2.42,19.79,41.46,N/A,4.41,2.42,2.42,N/A,10.44,N/A,8.85,N/A,7.14,N/A,7.66
อุบลราชธานี,Ubon Ratchathani,2565,N/A,N/A,14.78,23.14,23.14,22.57,38.49,1.02,22.57,38.49,N/A,5.07,1.02,1.02,N/A,10.59,N/A,9.11,N/A,7.5,N/A,8.03
ยโสธร,Yasothon,2565,N/A,N/A,14.75,20.82,20.82,23.37,40.55,0.51,23.37,40.55,N/A,4.8,0.51,0.51,N/A,10.57,N/A,9.08,N/A,7.46,N/A,7.94
ชัยภูมิ,Chaiyaphum,2565,N/A,N/A,12.94,27.65,27.65,22.67,35.63,1.11,22.67,35.63,N/A,4.9,1.11,1.11,N/A,10.62,N/A,9.23,N/A,7.71,N/A,8.07
อำนาจเจริญ,Amnat Charoen,2565,N/A,N/A,16.41,23.09,23.09,21.06,38.87,0.57,21.06,38.87,N/A,5.25,0.57,0.57,N/A,10.7,N/A,9.21,N/A,7.58,N/A,8.15
บึงกาฬ,Bueng Kan,2565,N/A,N/A,11.36,23.9,23.9,27.14,37.41,0.19,27.14,37.41,N/A,4.95,0.19,0.19,N/A,10.87,N/A,9.07,N/A,7.1,N/A,7.97
หนองบัวลำภู,Nong Bua Lamphu,2565,N/A,N/A,15.97,22.1,22.1,21.98,38.8,1.15,21.98,38.8,N/A,4.92,1.15,1.15,N/A,10.87,N/A,9.18,N/A,7.36,N/A,8.04
ขอนแก่น,Khon Kaen,2565,N/A,N/A,22.23,31.33,31.33,25.8,20.35,0.28,25.8,20.35,N/A,5.95,0.28,0.28,N/A,11.54,N/A,10.5,N/A,9.37,N/A,9.29
อุดรธานี,Udon Thani,2565,N/A,N/A,19.5,24.55,24.55,20.38,34.91,0.66,20.38,34.91,N/A,4.82,0.66,0.66,N/A,11.27,N/A,9.65,N/A,7.88,N/A,8.36
เลย,Loei,2565,N/A,N/A,16.07,19.8,19.8,24.48,38.39,1.26,24.48,38.39,N/A,4.73,1.26,1.26,N/A,10.44,N/A,9.13,N/A,7.72,N/A,7.96
หนองคาย,Nong Khai,2565,N/A,N/A,19.35,24.7,24.7,23.1,31.73,1.12,23.1,31.73,N/A,5.48,1.12,1.12,N/A,11.22,N/A,9.64,N/A,7.91,N/A,8.54
มหาสารคาม,Maha Sarakham,2565,N/A,N/A,20.24,30.31,30.31,18.48,30.79,0.19,18.48,30.79,N/A,5.44,0.19,0.19,N/A,11.55,N/A,10.11,N/A,8.55,N/A,8.87
ร้อยเอ็ด,Roi Et,2565,N/A,N/A,15.44,28.37,28.37,23.44,32.32,0.43,23.44,32.32,N/A,4.87,0.43,0.43,N/A,10.94,N/A,9.65,N/A,8.23,N/A,8.37
กาฬสินธุ์,Kalasin,2565,N/A,N/A,18.2,26.91,26.91,18.73,35.01,1.14,18.73,35.01,N/A,4.88,1.14,1.14,N/A,11.01,N/A,9.62,N/A,8.1,N/A,8.35
สกลนคร,Sakon Nakhon,2565,N/A,N/A,13.85,23.99,23.99,21.24,40.33,0.58,21.24,40.33,N/A,5.21,0.58,0.58,N/A,10.74,N/A,9.09,N/A,7.28,N/A,8.05
นครพนม,Nakhon Phanom,2565,N/A,N/A,15.82,22.15,22.15,21.2,39.29,1.54,21.2,39.29,N/A,4.96,1.54,1.54,N/A,10.41,N/A,9.08,N/A,7.63,N/A,7.98
มุกดาหาร,Mukdahan,2565,N/A,N/A,13.4,24.24,24.24,26.39,34.98,0.98,26.39,34.98,N/A,5.21,0.98,0.98,N/A,10.44,N/A,9.24,N/A,7.92,N/A,8.16
เชียงใหม่,Chiang Mai,2565,N/A,N/A,33.82,19.2,19.2,13.48,22.19,11.31,13.48,22.19,N/A,5.77,11.31,11.31,N/A,11.41,N/A,9.93,N/A,8.22,N/A,8.76
ลำพูน,Lamphun,2565,N/A,N/A,25.78,30.07,30.07,17.02,21.13,6,17.02,21.13,N/A,5.24,6,6,N/A,11.15,N/A,10.11,N/A,8.92,N/A,8.74
ลำปาง,Lampang,2565,N/A,N/A,32.25,21.16,21.16,16.27,27.29,3.04,16.27,27.29,N/A,5.02,3.04,3.04,N/A,11.86,N/A,10.25,N/A,8.51,N/A,8.71
อุตรดิตถ์,Uttaradit,2565,N/A,N/A,28.43,25.97,25.97,15.32,29.21,1.07,15.32,29.21,N/A,5.35,1.07,1.07,N/A,12.02,N/A,10.44,N/A,8.75,N/A,8.95
แพร่,Phrae,2565,N/A,N/A,28.46,29.76,29.76,17.22,23.56,1,17.22,23.56,N/A,5.41,1,1,N/A,11.98,N/A,10.65,N/A,9.21,N/A,9.11
น่าน,Nan,2565,N/A,N/A,22.78,28.05,28.05,18.04,28.43,2.69,18.04,28.43,N/A,5.06,2.69,2.69,N/A,11.53,N/A,9.98,N/A,8.31,N/A,8.53
พะเยา,Phayao,2565,N/A,N/A,23.78,26.21,26.21,20.4,27.16,2.45,20.4,27.16,N/A,4.57,2.45,2.45,N/A,11.66,N/A,10.05,N/A,8.33,N/A,8.44
เชียงราย,Chiang Rai,2565,N/A,N/A,17.4,22.68,22.68,20.06,30.66,9.2,20.06,30.66,N/A,3.73,9.2,9.2,N/A,10.47,N/A,8.72,N/A,6.8,N/A,7.27
แม่ฮ่องสอน,Mae Hong Son,2565,N/A,N/A,11.99,19.73,19.73,22.54,23.33,22.41,22.54,23.33,N/A,2.27,22.41,22.41,N/A,9.62,N/A,7.58,N/A,5.36,N/A,6.04
นครสวรรค์,Nakhon Sawan,2565,N/A,N/A,24.37,24.21,24.21,20.37,29.98,1.06,20.37,29.98,N/A,4.93,1.06,1.06,N/A,11.49,N/A,10.07,N/A,8.53,N/A,8.57
อุทัยธานี,Uthai Thani,2565,N/A,N/A,20.92,22.18,22.18,20.77,34.7,1.44,20.77,34.7,N/A,4.97,1.44,1.44,N/A,10.97,N/A,9.58,N/A,8.09,N/A,8.22
กำแพงเพชร,Kamphaeng Phet,2565,N/A,N/A,16.71,20.45,20.45,21.07,38.59,3.17,21.07,38.59,N/A,4.3,3.17,3.17,N/A,10.45,N/A,8.93,N/A,7.29,N/A,7.58
ตาก,Tak,2565,N/A,N/A,17.9,18.01,18.01,15.47,29.05,19.57,15.47,29.05,N/A,4.03,19.57,19.57,N/A,8.89,N/A,7.7,N/A,6.4,N/A,6.63
สุโขทัย,Sukhothai,2565,N/A,N/A,19.08,24.06,24.06,22.4,32.87,1.59,22.4,32.87,N/A,5.2,1.59,1.59,N/A,11.15,N/A,9.59,N/A,7.92,N/A,8.3
พิษณุโลก,Phitsanulok,2565,N/A,N/A,23.72,22.89,22.89,21.52,30.49,1.37,21.52,30.49,N/A,5.26,1.37,1.37,N/A,11.41,N/A,9.89,N/A,8.26,N/A,8.53
พิจิตร,Phichit,2565,N/A,N/A,22.53,25.93,25.93,23.59,26.84,1.11,23.59,26.84,N/A,5.02,1.11,1.11,N/A,11.61,N/A,10.11,N/A,8.49,N/A,8.62
เพชรบูรณ์,Phetchabun,2565,N/A,N/A,21.47,25.42,25.42,19.49,31.58,2.05,19.49,31.58,N/A,4.9,2.05,2.05,N/A,11.28,N/A,9.76,N/A,8.1,N/A,8.34
ราชบุรี,Ratchaburi,2565,N/A,N/A,23.58,20.35,20.35,19.95,31.62,4.5,19.95,31.62,N/A,5.49,4.5,4.5,N/A,10.62,N/A,9.54,N/A,8.27,N/A,8.54
กาญจนบุรี,Kanchanaburi,2565,N/A,N/A,16.51,19.89,19.89,19.81,36.99,6.8,19.81,36.99,N/A,4.76,6.8,6.8,N/A,9.6,N/A,8.71,N/A,7.72,N/A,7.71
สุพรรณบุรี,Suphanburi,2565,N/A,N/A,14.47,20.68,20.68,31.58,32.4,0.87,31.58,32.4,N/A,4.96,0.87,0.87,N/A,10.58,N/A,9.38,N/A,8.06,N/A,8.25
นครปฐม,Nakhon Pathom,2565,N/A,N/A,26.45,20.88,20.88,19.12,25.51,8.05,19.12,25.51,N/A,6.26,8.05,8.05,N/A,10.27,N/A,9.75,N/A,9.08,N/A,9.22
สมุทรสาคร,Samut Sakhon,2565,N/A,N/A,28.14,21.3,21.3,18.65,19.66,12.26,18.65,19.66,N/A,6.62,12.26,12.26,N/A,9.62,N/A,9.65,N/A,9.68,N/A,9.2
สมุทรสงคราม,Samut Songkhram,2565,N/A,N/A,24.75,21.85,21.85,19.67,27.06,6.68,19.67,27.06,N/A,6.46,6.68,6.68,N/A,10.04,N/A,9.69,N/A,9.26,N/A,8.91
เพชรบุรี,Phetchaburi,2565,N/A,N/A,25.75,21.12,21.12,18.89,32.39,1.84,18.89,32.39,N/A,6.2,1.84,1.84,N/A,10.85,N/A,9.94,N/A,8.86,N/A,9.01
ประจวบคีรีขันธ์,Prachuap Khiri Khan,2565,N/A,N/A,24.63,21.64,21.64,22.09,26.5,5.15,22.09,26.5,N/A,6.29,5.15,5.15,N/A,10.77,N/A,9.86,N/A,8.77,N/A,8.99
นครศรีธรรมราช,Nakhon Si Thammarat,2565,N/A,N/A,29.18,23.82,23.82,20.37,25.66,0.98,20.37,25.66,N/A,6.09,0.98,0.98,N/A,11.38,N/A,10.54,N/A,9.52,N/A,9.64
กระบี่,Krabi,2565,N/A,N/A,25.33,21.26,21.26,23.71,28.91,0.79,23.71,28.91,N/A,5.27,0.79,0.79,N/A,10.96,N/A,10.18,N/A,9.17,N/A,9.21
พังงา,Phang Nga,2565,N/A,N/A,21.26,22.07,22.07,23.15,29.43,4.09,23.15,29.43,N/A,5.16,4.09,4.09,N/A,10.3,N/A,9.63,N/A,8.75,N/A,8.76
ภูเก็ต,Phuket,2565,N/A,N/A,36.21,25.47,25.47,21.94,15.2,1.18,21.94,15.2,N/A,6.89,1.18,1.18,N/A,11.7,N/A,11.44,N/A,11.08,N/A,10.59
สุราษฎร์ธานี,Surat Thani,2565,N/A,N/A,23.43,24.55,24.55,16.77,27.84,7.4,16.77,27.84,N/A,6.3,7.4,7.4,N/A,10.07,N/A,9.59,N/A,8.93,N/A,8.97
ระนอง,Ranong,2565,N/A,N/A,17.29,18,18,17.42,40.94,6.36,17.42,40.94,N/A,5.35,6.36,6.36,N/A,9.01,N/A,8.54,N/A,7.87,N/A,7.97
ชุมพร,Chumphon,2565,N/A,N/A,19.88,20.95,20.95,25.87,29.42,3.89,25.87,29.42,N/A,5.66,3.89,3.89,N/A,10.05,N/A,9.43,N/A,8.56,N/A,8.72
สงขลา,Songkhla,2565,N/A,N/A,33.33,23.07,23.07,18.08,24.48,1.04,18.08,24.48,N/A,7.01,1.04,1.04,N/A,11.58,N/A,10.85,N/A,9.91,N/A,10.07
สตูล,Satun,2565,N/A,N/A,25.49,22.75,22.75,20.02,29.65,2.09,20.02,29.65,N/A,5.39,2.09,2.09,N/A,10.83,N/A,10.08,N/A,9.17,N/A,9.11
ตรัง,Trang,2565,N/A,N/A,23.59,24.36,24.36,21.9,28.92,1.23,21.9,28.92,N/A,5.68,1.23,1.23,N/A,10.98,N/A,10.07,N/A,8.94,N/A,9.18
พัทลุง,Phatthalung,2565,N/A,N/A,26.48,26.74,26.74,20.33,25.96,0.49,20.33,25.96,N/A,5.85,0.49,0.49,N/A,11.4,N/A,10.5,N/A,9.43,N/A,9.53
ปัตตานี,Pattani,2565,N/A,N/A,20,19.59,19.59,16.5,37.56,6.34,16.5,37.56,N/A,4.33,6.34,6.34,N/A,10.04,N/A,8.95,N/A,7.63,N/A,8
ยะลา,Yala,2565,N/A,N/A,18.95,34.63,34.63,20.24,25.09,1.08,20.24,25.09,N/A,4.73,1.08,1.08,N/A,11.33,N/A,10.28,N/A,9.01,N/A,9.17
นราธิวาส,Narathiwat,2565,N/A,N/A,20.29,22.75,22.75,16.32,34.19,6.47,16.32,34.19,N/A,3.95,6.47,6.47,N/A,10.18,N/A,9.25,N/A,8.14,N/A,8.15
ประเทศไทย,Thailand,2565,N/A,N/A,26.47,24.16,24.16,20.39,26.11,2.87,20.39,26.11,N/A,5.83,2.87,2.87,N/A,11.19,N/A,10.23,N/A,9.12,N/A,9.24
กรุงเทพมหานคร,Bangkok,2564,N/A,N/A,40.43,20.72,20.72,16.11,19.73,3.01,16.11,19.73,N/A,8.57,3.01,3.01,N/A,11.98,N/A,11.42,N/A,10.8,N/A,10.93
สมุทรปราการ,Samut Prakan,2564,N/A,N/A,29.45,26.98,26.98,22.36,18.55,2.65,22.36,18.55,N/A,6.32,2.65,2.65,N/A,11.65,N/A,10.85,N/A,9.97,N/A,10.12
นนทบุรี,Nonthaburi,2564,N/A,N/A,44.65,17.53,17.53,18.9,16.38,2.54,18.9,16.38,N/A,8.7,2.54,2.54,N/A,11.93,N/A,11.76,N/A,11.59,N/A,11.15
ปทุมธานี,Pathum Thani,2564,N/A,N/A,31.08,26.3,26.3,21.96,17.52,3.15,21.96,17.52,N/A,7.27,3.15,3.15,N/A,11.21,N/A,10.93,N/A,10.57,N/A,10.36
พระนครศรีอยุธยา,Phra Nakhon Si Ayutthaya,2564,N/A,N/A,30.41,30.19,30.19,21.51,16.5,1.39,21.51,16.5,N/A,5.79,1.39,1.39,N/A,11.84,N/A,11,N/A,9.79,N/A,9.91
อ่างทอง,Ang Thong,2564,N/A,N/A,22.81,27.18,27.18,23.03,25.82,1.15,23.03,25.82,N/A,5.58,1.15,1.15,N/A,11.25,N/A,10.17,N/A,9.16,N/A,8.8
ลพบุรี,Lopburi,2564,N/A,N/A,20.42,23.04,23.04,24.1,31.19,1.27,24.1,31.19,N/A,5.28,1.27,1.27,N/A,11.21,N/A,9.63,N/A,8.05,N/A,8.53
สิงห์บุรี,Singburi,2564,N/A,N/A,27.55,25.35,25.35,21.98,23.98,1.15,21.98,23.98,N/A,6.25,1.15,1.15,N/A,11.33,N/A,10.53,N/A,9.83,N/A,9.22
ชัยนาท,Chainat,2564,N/A,N/A,20.62,18.53,18.53,22.95,36.04,1.87,22.95,36.04,N/A,5.28,1.87,1.87,N/A,10.68,N/A,9.31,N/A,8.26,N/A,8.03
สระบุรี,Saraburi,2564,N/A,N/A,25.11,23.51,23.51,23.3,25.51,2.57,23.3,25.51,N/A,5.95,2.57,2.57,N/A,10.78,N/A,10.09,N/A,9.28,N/A,9.2
ชลบุรี,Chonburi,2564,N/A,N/A,25.79,29.22,29.22,24.11,18.75,2.13,24.11,18.75,N/A,6.38,2.13,2.13,N/A,11,N/A,10.64,N/A,10.08,N/A,10.04
ระยอง,Rayong,2564,N/A,N/A,25.1,26.42,26.42,21.67,23.98,2.84,21.67,23.98,N/A,5.44,2.84,2.84,N/A,10.94,N/A,10.19,N/A,9.24,N/A,9.45
จันทบุรี,Chanthaburi,2564,N/A,N/A,19.12,17.87,17.87,20.84,38.57,3.6,20.84,38.57,N/A,4.99,3.6,3.6,N/A,10.31,N/A,8.97,N/A,7.71,N/A,8.11
ตราด,Trat,2564,N/A,N/A,20.01,18.59,18.59,18.38,34.7,8.32,18.38,34.7,N/A,5.1,8.32,8.32,N/A,9.84,N/A,8.8,N/A,7.69,N/A,8.06
ฉะเชิงเทรา,Chachoengsao,2564,N/A,N/A,20.13,24.55,24.55,28.48,24.13,2.71,28.48,24.13,N/A,5.4,2.71,2.71,N/A,11.19,N/A,10.02,N/A,8.77,N/A,9.01
ปราจีนบุรี,Prachinburi,2564,N/A,N/A,20.28,29.75,29.75,26.37,22.62,0.98,26.37,22.62,N/A,5.1,0.98,0.98,N/A,11.24,N/A,10.15,N/A,9,N/A,9.03
นครนายก,Nakhon Nayok,2564,N/A,N/A,22.76,24.49,24.49,23.16,27.6,1.99,23.16,27.6,N/A,6.15,1.99,1.99,N/A,10.86,N/A,9.92,N/A,9.01,N/A,8.97
สระแก้ว,Sa Kaeo,2564,N/A,N/A,16.28,20.05,20.05,21.83,38.61,3.23,21.83,38.61,N/A,4.24,3.23,3.23,N/A,10.45,N/A,8.86,N/A,7.56,N/A,7.85
นครราชสีมา,Nakhon Ratchasima,2564,N/A,N/A,17.92,26.74,26.74,24.12,29.34,1.88,24.12,29.34,N/A,4.46,1.88,1.88,N/A,10.98,N/A,9.64,N/A,7.99,N/A,8.26
บุรีรัมย์,Buriram,2564,N/A,N/A,14.07,25.25,25.25,20.71,38.53,1.45,20.71,38.53,N/A,4.53,1.45,1.45,N/A,10.66,N/A,9.08,N/A,7.45,N/A,7.72
สุรินทร์,Surin,2564,N/A,N/A,15.18,22.49,22.49,20.43,40.4,1.51,20.43,40.4,N/A,4.57,1.51,1.51,N/A,10.55,N/A,8.97,N/A,7.41,N/A,7.59
ศรีสะเกษ,Si Sa Ket,2564,N/A,N/A,11.41,19.59,19.59,21.7,46.57,0.73,21.7,46.57,N/A,4.66,0.73,0.73,N/A,10.05,N/A,8.57,N/A,7.11,N/A,7.42
อุบลราชธานี,Ubon Ratchathani,2564,N/A,N/A,13.86,21.36,21.36,24.18,39.68,0.92,24.18,39.68,N/A,4.97,0.92,0.92,N/A,10.22,N/A,8.96,N/A,7.41,N/A,7.93
ยโสธร,Yasothon,2564,N/A,N/A,13.1,19.83,19.83,22.49,43.39,1.2,22.49,43.39,N/A,4.85,1.2,1.2,N/A,10.35,N/A,8.78,N/A,7.35,N/A,7.58
ชัยภูมิ,Chaiyaphum,2564,N/A,N/A,14.35,21.56,21.56,21.41,41.8,0.89,21.41,41.8,N/A,4.8,0.89,0.89,N/A,10.54,N/A,8.94,N/A,7.51,N/A,7.68
อำนาจเจริญ,Amnat Charoen,2564,N/A,N/A,14.88,22.35,22.35,20.26,41.81,0.7,20.26,41.81,N/A,4.71,0.7,0.7,N/A,10.46,N/A,8.98,N/A,7.52,N/A,7.82
บึงกาฬ,Bueng Kan,2564,N/A,N/A,10.41,22.75,22.75,22.94,43.1,0.81,22.94,43.1,N/A,4.57,0.81,0.81,N/A,10.3,N/A,8.67,N/A,6.89,N/A,7.61
หนองบัวลำภู,Nong Bua Lamphu,2564,N/A,N/A,16.3,19.84,19.84,21.09,42.04,0.73,21.09,42.04,N/A,4.8,0.73,0.73,N/A,10.78,N/A,9,N/A,7.3,N/A,7.89
ขอนแก่น,Khon Kaen,2564,N/A,N/A,25.05,25.56,25.56,21.08,27.92,0.4,21.08,27.92,N/A,5.47,0.4,0.4,N/A,11.67,N/A,10.19,N/A,8.43,N/A,8.98
อุดรธานี,Udon Thani,2564,N/A,N/A,17.53,21.73,21.73,24.25,36.17,0.33,24.25,36.17,N/A,5.29,0.33,0.33,N/A,10.9,N/A,9.34,N/A,7.54,N/A,8.37
เลย,Loei,2564,N/A,N/A,13.9,22.07,22.07,22.12,41.17,0.73,22.12,41.17,N/A,4.83,0.73,0.73,N/A,10.3,N/A,9.02,N/A,7.7,N/A,7.92
หนองคาย,Nong Khai,2564,N/A,N/A,17.45,23.3,23.3,21.13,37.36,0.75,21.13,37.36,N/A,5.42,0.75,0.75,N/A,10.89,N/A,9.34,N/A,7.73,N/A,8.34
มหาสารคาม,Maha Sarakham,2564,N/A,N/A,19.93,26.81,26.81,21.81,31.2,0.26,21.81,31.2,N/A,5.2,0.26,0.26,N/A,11.47,N/A,9.88,N/A,8.21,N/A,8.6
ร้อยเอ็ด,Roi Et,2564,N/A,N/A,12.98,25.55,25.55,19.78,41.13,0.55,19.78,41.13,N/A,4.68,0.55,0.55,N/A,10.72,N/A,9.01,N/A,7.49,N/A,7.69
กาฬสินธุ์,Kalasin,2564,N/A,N/A,13.69,25,25,19.52,41.25,0.54,19.52,41.25,N/A,4.75,0.54,0.54,N/A,10.65,N/A,9.11,N/A,7.65,N/A,7.92
สกลนคร,Sakon Nakhon,2564,N/A,N/A,13.42,20.6,20.6,20.99,43.99,1,20.99,43.99,N/A,5.2,1,1,N/A,10.14,N/A,8.82,N/A,7.31,N/A,7.95
นครพนม,Nakhon Phanom,2564,N/A,N/A,19.9,23.11,23.11,21.69,34.17,1.13,21.69,34.17,N/A,5.16,1.13,1.13,N/A,11.11,N/A,9.56,N/A,7.92,N/A,8.42
มุกดาหาร,Mukdahan,2564,N/A,N/A,13.9,23.53,23.53,25.36,35.91,1.3,25.36,35.91,N/A,4.92,1.3,1.3,N/A,10.33,N/A,9.15,N/A,7.8,N/A,8.12
เชียงใหม่,Chiang Mai,2564,N/A,N/A,29.1,21.87,21.87,15.29,23.16,10.58,15.29,23.16,N/A,5.12,10.58,10.58,N/A,10.78,N/A,9.71,N/A,8.28,N/A,8.58
ลำพูน,Lamphun,2564,N/A,N/A,26.03,26.25,26.25,15.83,25.7,6.19,15.83,25.7,N/A,4.94,6.19,6.19,N/A,11.47,N/A,9.93,N/A,8.1,N/A,8.56
ลำปาง,Lampang,2564,N/A,N/A,29.05,23.81,23.81,18.16,26.77,2.21,18.16,26.77,N/A,5.12,2.21,2.21,N/A,11.92,N/A,10.24,N/A,8.85,N/A,8.57
อุตรดิตถ์,Uttaradit,2564,N/A,N/A,25.21,24.76,24.76,14.85,33.46,1.72,14.85,33.46,N/A,5.33,1.72,1.72,N/A,11.63,N/A,9.97,N/A,8.42,N/A,8.4
แพร่,Phrae,2564,N/A,N/A,22.15,23.96,23.96,17.54,35.26,1.1,17.54,35.26,N/A,5.09,1.1,1.1,N/A,11.54,N/A,9.64,N/A,8.19,N/A,8.12
น่าน,Nan,2564,N/A,N/A,19.11,25.91,25.91,20.01,31.07,3.9,20.01,31.07,N/A,4.68,3.9,3.9,N/A,11.25,N/A,9.53,N/A,8.1,N/A,8.04
พะเยา,Phayao,2564,N/A,N/A,16.41,27.67,27.67,16.31,35.38,4.23,16.31,35.38,N/A,4.34,4.23,4.23,N/A,11.21,N/A,9.08,N/A,7.37,N/A,7.65
เชียงราย,Chiang Rai,2564,N/A,N/A,16,18.36,18.36,20.27,36.29,9.08,20.27,36.29,N/A,3.96,9.08,9.08,N/A,10.13,N/A,8.34,N/A,6.5,N/A,7.14
แม่ฮ่องสอน,Mae Hong Son,2564,N/A,N/A,12.12,22.81,22.81,15.92,27.18,21.98,15.92,27.18,N/A,2.61,21.98,21.98,N/A,9.27,N/A,7.49,N/A,4.71,N/A,6.37
นครสวรรค์,Nakhon Sawan,2564,N/A,N/A,19.98,22.15,22.15,22.71,32,3.15,22.71,32,N/A,4.75,3.15,3.15,N/A,10.73,N/A,9.42,N/A,7.99,N/A,7.94
อุทัยธานี,Uthai Thani,2564,N/A,N/A,19.02,22.46,22.46,19.49,35.97,3.06,19.49,35.97,N/A,4.94,3.06,3.06,N/A,10.82,N/A,9.27,N/A,7.75,N/A,7.77
กำแพงเพชร,Kamphaeng Phet,2564,N/A,N/A,17.9,18.59,18.59,22.02,39.18,2.31,22.02,39.18,N/A,4.52,2.31,2.31,N/A,10.62,N/A,8.99,N/A,7.12,N/A,7.7
ตาก,Tak,2564,N/A,N/A,19.74,18.88,18.88,19.69,27.77,13.93,19.69,27.77,N/A,3.82,13.93,13.93,N/A,9.24,N/A,8.29,N/A,6.86,N/A,7.24
สุโขทัย,Sukhothai,2564,N/A,N/A,17.7,22.56,22.56,20.26,37.89,1.59,20.26,37.89,N/A,4.78,1.59,1.59,N/A,11.12,N/A,9.19,N/A,7.42,N/A,7.74
พิษณุโลก,Phitsanulok,2564,N/A,N/A,25.24,25.59,25.59,22.47,25.39,1.31,22.47,25.39,N/A,5.42,1.31,1.31,N/A,11.45,N/A,10.27,N/A,8.87,N/A,8.86
พิจิตร,Phichit,2564,N/A,N/A,20.95,20.8,20.8,23.07,33.26,1.92,23.07,33.26,N/A,4.88,1.92,1.92,N/A,11.01,N/A,9.55,N/A,8.16,N/A,7.96
เพชรบูรณ์,Phetchabun,2564,N/A,N/A,19.5,20.55,20.55,22.49,34.73,2.73,22.49,34.73,N/A,4.73,2.73,2.73,N/A,10.96,N/A,9.29,N/A,7.48,N/A,7.89
ราชบุรี,Ratchaburi,2564,N/A,N/A,23.58,21.22,21.22,19.19,31.41,4.6,19.19,31.41,N/A,5.33,4.6,4.6,N/A,10.72,N/A,9.52,N/A,8.16,N/A,8.43
กาญจนบุรี,Kanchanaburi,2564,N/A,N/A,19.17,20.59,20.59,20.45,33.42,6.38,20.45,33.42,N/A,4.44,6.38,6.38,N/A,10.19,N/A,9.01,N/A,7.58,N/A,7.99
สุพรรณบุรี,Suphanburi,2564,N/A,N/A,10.76,19.26,19.26,26.65,42.27,1.06,26.65,42.27,N/A,4.67,1.06,1.06,N/A,10.18,N/A,8.68,N/A,7.27,N/A,7.49
นครปฐม,Nakhon Pathom,2564,N/A,N/A,22.92,19.38,19.38,21.62,29.83,6.25,21.62,29.83,N/A,5.82,6.25,6.25,N/A,9.87,N/A,9.5,N/A,9.12,N/A,8.76
สมุทรสาคร,Samut Sakhon,2564,N/A,N/A,25.46,17.88,17.88,20.35,24.85,11.46,20.35,24.85,N/A,4.86,11.46,11.46,N/A,10.03,N/A,9.29,N/A,8.03,N/A,8.74
สมุทรสงคราม,Samut Songkhram,2564,N/A,N/A,25.33,20.21,20.21,21.5,27.03,5.93,21.5,27.03,N/A,6.03,5.93,5.93,N/A,10.51,N/A,9.71,N/A,8.85,N/A,8.59
เพชรบุรี,Phetchaburi,2564,N/A,N/A,23,23.09,23.09,19.36,33.06,1.5,19.36,33.06,N/A,5.56,1.5,1.5,N/A,10.75,N/A,9.81,N/A,8.7,N/A,8.7
ประจวบคีรีขันธ์,Prachuap Khiri Khan,2564,N/A,N/A,19.69,21.38,21.38,21.65,28.42,8.86,21.65,28.42,N/A,5.46,8.86,8.86,N/A,10.24,N/A,9.13,N/A,7.7,N/A,8.37
นครศรีธรรมราช,Nakhon Si Thammarat,2564,N/A,N/A,25.08,23.54,23.54,20.52,29.57,1.28,20.52,29.57,N/A,5.57,1.28,1.28,N/A,10.92,N/A,10.07,N/A,9.16,N/A,8.9
กระบี่,Krabi,2564,N/A,N/A,19.7,23.34,23.34,22.52,32.73,1.71,22.52,32.73,N/A,5.11,1.71,1.71,N/A,10.64,N/A,9.6,N/A,8.2,N/A,8.83
พังงา,Phang Nga,2564,N/A,N/A,18.45,21.1,21.1,19.83,35.43,5.18,19.83,35.43,N/A,5.38,5.18,5.18,N/A,9.95,N/A,9.11,N/A,8.09,N/A,8.39
ภูเก็ต,Phuket,2564,N/A,N/A,35.55,23.69,23.69,20.14,18.62,2,20.14,18.62,N/A,8.07,2,2,N/A,11.48,N/A,11.11,N/A,10.47,N/A,10.71
สุราษฎร์ธานี,Surat Thani,2564,N/A,N/A,18.65,22.78,22.78,21.95,30.96,5.66,21.95,30.96,N/A,5.51,5.66,5.66,N/A,9.95,N/A,9.29,N/A,8.45,N/A,8.56
ระนอง,Ranong,2564,N/A,N/A,16.25,21.37,21.37,20.44,37.13,4.81,20.44,37.13,N/A,4.92,4.81,4.81,N/A,9.44,N/A,8.79,N/A,7.8,N/A,8.23
ชุมพร,Chumphon,2564,N/A,N/A,20.65,24.38,24.38,24.77,27.33,2.87,24.77,27.33,N/A,6.05,2.87,2.87,N/A,10.6,N/A,9.76,N/A,8.74,N/A,8.98
สงขลา,Songkhla,2564,N/A,N/A,33.14,22.95,22.95,18.21,24.33,1.36,18.21,24.33,N/A,5.88,1.36,1.36,N/A,11.53,N/A,10.76,N/A,9.75,N/A,9.77
สตูล,Satun,2564,N/A,N/A,20.95,25.03,25.03,18.63,33.28,2.11,18.63,33.28,N/A,4.95,2.11,2.11,N/A,10.57,N/A,9.71,N/A,8.59,N/A,8.82
ตรัง,Trang,2564,N/A,N/A,23.89,19.68,19.68,19.9,34.77,1.75,19.9,34.77,N/A,5.03,1.75,1.75,N/A,10.71,N/A,9.69,N/A,8.55,N/A,8.71
พัทลุง,Phatthalung,2564,N/A,N/A,24.71,25.97,25.97,18.39,30.33,0.6,18.39,30.33,N/A,5.43,0.6,0.6,N/A,11.36,N/A,10.18,N/A,9.02,N/A,8.91
ปัตตานี,Pattani,2564,N/A,N/A,16.71,24.19,24.19,19.14,36.44,3.52,19.14,36.44,N/A,4.45,3.52,3.52,N/A,10.18,N/A,9.16,N/A,7.63,N/A,8.2
ยะลา,Yala,2564,N/A,N/A,13.41,32.8,32.8,21.58,30.65,1.55,21.58,30.65,N/A,4.07,1.55,1.55,N/A,10.57,N/A,9.59,N/A,8.21,N/A,8.62
นราธิวาส,Narathiwat,2564,N/A,N/A,15.23,22.82,22.82,18.86,36.3,6.79,18.86,36.3,N/A,3.56,6.79,6.79,N/A,9.75,N/A,8.74,N/A,7.28,N/A,7.78
ประเทศไทย,Thailand,2564,N/A,N/A,24.67,22.92,22.92,20.59,28.84,2.98,20.59,28.84,N/A,5.54,2.98,2.98,N/A,11,N/A,9.96,N/A,8.78,N/A,8.93
กรุงเทพมหานคร,Bangkok,2563,N/A,N/A,43.19,20.33,20.33,16.17,18.15,2.16,16.17,18.15,8.72,8.72,2.16,2.16,11.16,12.27,11.26,11.76,11.26,11.16,8.7,11.26
สมุทรปราการ,Samut Prakan,2563,N/A,N/A,30.64,26.13,26.13,22.44,18.33,2.46,22.44,18.33,N/A,6.65,2.46,2.46,N/A,11.96,N/A,10.96,N/A,9.85,N/A,10.29
นนทบุรี,Nonthaburi,2563,N/A,N/A,44.74,18.68,18.68,18.68,15.62,2.29,18.68,15.62,N/A,8.51,2.29,2.29,N/A,12.28,N/A,11.8,N/A,11.34,N/A,11.16
ปทุมธานี,Pathum Thani,2563,N/A,N/A,30.64,25.72,25.72,23.31,18.54,1.8,23.31,18.54,N/A,6.3,1.8,1.8,N/A,11.44,N/A,10.95,N/A,10.31,N/A,10.26
พระนครศรีอยุธยา,Phra Nakhon Si Ayutthaya,2563,N/A,N/A,28.26,28.4,28.4,22.64,19.33,1.37,22.64,19.33,N/A,5.53,1.37,1.37,N/A,11.63,N/A,10.73,N/A,9.43,N/A,9.67
อ่างทอง,Ang Thong,2563,N/A,N/A,24.66,27.93,27.93,20.78,25.23,1.4,20.78,25.23,N/A,5.73,1.4,1.4,N/A,11.4,N/A,10.3,N/A,9.28,N/A,8.97
ลพบุรี,Lopburi,2563,N/A,N/A,24.23,23.52,23.52,20.4,30.42,1.44,20.4,30.42,N/A,5.46,1.44,1.44,N/A,11.42,N/A,9.91,N/A,8.39,N/A,8.82
สิงห์บุรี,Singburi,2563,N/A,N/A,26.11,26.03,26.03,19.17,27.36,1.33,19.17,27.36,N/A,5.79,1.33,1.33,N/A,11.34,N/A,10.28,N/A,9.37,N/A,8.95
ชัยนาท,Chainat,2563,N/A,N/A,19.48,22.64,22.64,21.58,34.45,1.86,21.58,34.45,N/A,4.87,1.86,1.86,N/A,10.79,N/A,9.42,N/A,8.36,N/A,8.02
สระบุรี,Saraburi,2563,N/A,N/A,21.13,27.55,27.55,22.33,26.97,2.01,22.33,26.97,N/A,5.66,2.01,2.01,N/A,10.88,N/A,9.94,N/A,8.85,N/A,9.06
ชลบุรี,Chonburi,2563,N/A,N/A,27.2,25.45,25.45,25.08,20.25,2.02,25.08,20.25,N/A,5.67,2.02,2.02,N/A,11.19,N/A,10.55,N/A,9.56,N/A,9.88
ระยอง,Rayong,2563,N/A,N/A,22.27,20.25,20.25,24.41,29.23,3.85,24.41,29.23,N/A,5.65,3.85,3.85,N/A,10.5,N/A,9.55,N/A,8.31,N/A,8.97
จันทบุรี,Chanthaburi,2563,N/A,N/A,19.56,17.14,17.14,20.55,39.32,3.43,20.55,39.32,N/A,5.11,3.43,3.43,N/A,10.39,N/A,9.01,N/A,7.67,N/A,8.19
ตราด,Trat,2563,N/A,N/A,19.09,19.08,19.08,19.48,35.74,6.61,19.48,35.74,N/A,4.83,6.61,6.61,N/A,9.83,N/A,8.86,N/A,7.78,N/A,8.08
ฉะเชิงเทรา,Chachoengsao,2563,N/A,N/A,20.26,22.18,22.18,25.68,28.99,2.89,25.68,28.99,N/A,4.49,2.89,2.89,N/A,11.06,N/A,9.72,N/A,8.27,N/A,8.62
ปราจีนบุรี,Prachinburi,2563,N/A,N/A,21.73,28.18,28.18,22.89,25.81,1.39,22.89,25.81,N/A,5.59,1.39,1.39,N/A,11.3,N/A,10.06,N/A,8.72,N/A,9.1
นครนายก,Nakhon Nayok,2563,N/A,N/A,23.57,23.52,23.52,22.39,28.79,1.74,22.39,28.79,N/A,5.72,1.74,1.74,N/A,10.81,N/A,9.97,N/A,9.15,N/A,8.93
สระแก้ว,Sa Kaeo,2563,N/A,N/A,13.68,21.51,21.51,21.25,39.6,3.97,21.25,39.6,N/A,4.35,3.97,3.97,N/A,10.42,N/A,8.62,N/A,7.09,N/A,7.71
นครราชสีมา,Nakhon Ratchasima,2563,N/A,N/A,16.13,25.21,25.21,22.98,34.21,1.47,22.98,34.21,N/A,4.78,1.47,1.47,N/A,10.86,N/A,9.35,N/A,7.55,N/A,8.18
บุรีรัมย์,Buriram,2563,N/A,N/A,15.22,21.97,21.97,20.52,40.85,1.43,20.52,40.85,N/A,4.28,1.43,1.43,N/A,10.76,N/A,8.91,N/A,7.04,N/A,7.56
สุรินทร์,Surin,2563,N/A,N/A,15,23.61,23.61,21.12,38.17,2.1,21.12,38.17,N/A,4.33,2.1,2.1,N/A,10.71,N/A,8.97,N/A,7.28,N/A,7.55
ศรีสะเกษ,Si Sa Ket,2563,N/A,N/A,10.62,19.12,19.12,22.04,46.74,1.48,22.04,46.74,N/A,4.53,1.48,1.48,N/A,9.92,N/A,8.32,N/A,6.79,N/A,7.24
อุบลราชธานี,Ubon Ratchathani,2563,N/A,N/A,10.06,18.68,18.68,25.99,44.52,0.75,25.99,44.52,N/A,4.62,0.75,0.75,N/A,9.81,N/A,8.46,N/A,6.85,N/A,7.5
ยโสธร,Yasothon,2563,N/A,N/A,14.47,20.99,20.99,18.74,44.67,1.13,18.74,44.67,N/A,5.13,1.13,1.13,N/A,10.44,N/A,8.84,N/A,7.43,N/A,7.75
ชัยภูมิ,Chaiyaphum,2563,N/A,N/A,12.87,21.7,21.7,21.19,43.11,1.14,21.19,43.11,N/A,4.72,1.14,1.14,N/A,10.41,N/A,8.7,N/A,7.21,N/A,7.53
อำนาจเจริญ,Amnat Charoen,2563,N/A,N/A,13.22,21.39,21.39,19.83,44.15,1.41,19.83,44.15,N/A,4.62,1.41,1.41,N/A,10.31,N/A,8.74,N/A,7.23,N/A,7.66
บึงกาฬ,Bueng Kan,2563,N/A,N/A,11.41,20.9,20.9,21.36,44.98,1.35,21.36,44.98,N/A,4.4,1.35,1.35,N/A,10.07,N/A,8.53,N/A,6.88,N/A,7.49
หนองบัวลำภู,Nong Bua Lamphu,2563,N/A,N/A,16,17.72,17.72,20.45,45.04,0.8,20.45,45.04,N/A,4.56,0.8,0.8,N/A,10.53,N/A,8.79,N/A,7.17,N/A,7.71
ขอนแก่น,Khon Kaen,2563,N/A,N/A,21.05,25.15,25.15,20.73,32.28,0.79,20.73,32.28,N/A,5.3,0.79,0.79,N/A,11.18,N/A,9.73,N/A,8.03,N/A,8.63
อุดรธานี,Udon Thani,2563,N/A,N/A,16.66,22.66,22.66,21.62,38.53,0.54,21.62,38.53,N/A,4.93,0.54,0.54,N/A,10.81,N/A,9.18,N/A,7.32,N/A,8.19
เลย,Loei,2563,N/A,N/A,13.95,22.2,22.2,24.68,38.28,0.89,24.68,38.28,N/A,4.53,0.89,0.89,N/A,10.3,N/A,9.12,N/A,7.92,N/A,7.95
หนองคาย,Nong Khai,2563,N/A,N/A,15.46,24.39,24.39,19.84,38.69,1.61,19.84,38.69,N/A,5.39,1.61,1.61,N/A,10.7,N/A,9.09,N/A,7.45,N/A,8.17
มหาสารคาม,Maha Sarakham,2563,N/A,N/A,17.57,26.26,26.26,22.52,33.42,0.23,22.52,33.42,N/A,5.04,0.23,0.23,N/A,11.15,N/A,9.66,N/A,8.12,N/A,8.44
ร้อยเอ็ด,Roi Et,2563,N/A,N/A,13.81,26.44,26.44,18.48,40.57,0.7,18.48,40.57,N/A,4.98,0.7,0.7,N/A,10.55,N/A,9.1,N/A,7.84,N/A,7.88
กาฬสินธุ์,Kalasin,2563,N/A,N/A,12.08,23.83,23.83,20.1,43.18,0.82,20.1,43.18,N/A,4.74,0.82,0.82,N/A,10.47,N/A,8.83,N/A,7.31,N/A,7.75
สกลนคร,Sakon Nakhon,2563,N/A,N/A,11.84,19.55,19.55,20.6,46.69,1.31,20.6,46.69,N/A,4.75,1.31,1.31,N/A,9.9,N/A,8.49,N/A,6.92,N/A,7.62
นครพนม,Nakhon Phanom,2563,N/A,N/A,18.75,22.58,22.58,18.91,37.81,1.95,18.91,37.81,N/A,5.22,1.95,1.95,N/A,10.75,N/A,9.35,N/A,7.88,N/A,8.3
มุกดาหาร,Mukdahan,2563,N/A,N/A,14.72,22.69,22.69,22.84,38.47,1.29,22.84,38.47,N/A,4.68,1.29,1.29,N/A,10.49,N/A,9.04,N/A,7.42,N/A,8.01
เชียงใหม่,Chiang Mai,2563,N/A,N/A,25.47,18.5,18.5,18.38,25.57,12.09,18.38,25.57,N/A,4.88,12.09,12.09,N/A,10.26,N/A,9.13,N/A,7.66,N/A,8.12
ลำพูน,Lamphun,2563,N/A,N/A,22.95,27.28,27.28,16.63,27.3,5.84,16.63,27.3,N/A,4.88,5.84,5.84,N/A,11.14,N/A,9.74,N/A,8.13,N/A,8.45
ลำปาง,Lampang,2563,N/A,N/A,23.98,22.27,22.27,16.76,33.72,3.26,16.76,33.72,N/A,4.65,3.26,3.26,N/A,11.54,N/A,9.56,N/A,7.97,N/A,8.02
อุตรดิตถ์,Uttaradit,2563,N/A,N/A,22.69,25.36,25.36,16.42,33.82,1.71,16.42,33.82,N/A,5.23,1.71,1.71,N/A,11.28,N/A,9.78,N/A,8.41,N/A,8.3
แพร่,Phrae,2563,N/A,N/A,23.29,25.25,25.25,16.71,33.31,1.44,16.71,33.31,N/A,5.08,1.44,1.44,N/A,11.56,N/A,9.76,N/A,8.41,N/A,8.25
น่าน,Nan,2563,N/A,N/A,19.27,27.28,27.28,16.25,34.1,3.1,16.25,34.1,N/A,4.6,3.1,3.1,N/A,11.52,N/A,9.52,N/A,7.91,N/A,8.06
พะเยา,Phayao,2563,N/A,N/A,19.7,25.24,25.24,16.51,35.67,2.87,16.51,35.67,N/A,4.39,2.87,2.87,N/A,11.32,N/A,9.31,N/A,7.72,N/A,7.87
เชียงราย,Chiang Rai,2563,N/A,N/A,20.43,17.6,17.6,17.02,37.77,7.17,17.02,37.77,N/A,4.3,7.17,7.17,N/A,10.84,N/A,8.63,N/A,6.41,N/A,7.48
แม่ฮ่องสอน,Mae Hong Son,2563,N/A,N/A,12.16,19.7,19.7,17.4,25.7,25.04,17.4,25.7,N/A,2.29,25.04,25.04,N/A,8.63,N/A,7.2,N/A,5.02,N/A,6.11
นครสวรรค์,Nakhon Sawan,2563,N/A,N/A,21.36,21.33,21.33,18.95,35.59,2.77,18.95,35.59,N/A,5.09,2.77,2.77,N/A,10.94,N/A,9.39,N/A,7.76,N/A,8.08
อุทัยธานี,Uthai Thani,2563,N/A,N/A,18.62,22.09,22.09,19.38,32.7,7.21,19.38,32.7,N/A,4.83,7.21,7.21,N/A,10.99,N/A,9.06,N/A,7.22,N/A,7.65
กำแพงเพชร,Kamphaeng Phet,2563,N/A,N/A,16.89,16.54,16.54,22.32,41.14,3.1,22.32,41.14,N/A,4.11,3.1,3.1,N/A,10.48,N/A,8.68,N/A,6.68,N/A,7.4
ตาก,Tak,2563,N/A,N/A,16.49,18.31,18.31,20.43,28.76,16.01,20.43,28.76,N/A,4.32,16.01,16.01,N/A,9.19,N/A,7.99,N/A,6.18,N/A,7.15
สุโขทัย,Sukhothai,2563,N/A,N/A,19.32,20.76,20.76,18.59,39.89,1.44,18.59,39.89,N/A,4.64,1.44,1.44,N/A,11.1,N/A,9.2,N/A,7.52,N/A,7.75
พิษณุโลก,Phitsanulok,2563,N/A,N/A,23.92,24.85,24.85,21.78,28.05,1.39,21.78,28.05,N/A,5.15,1.39,1.39,N/A,11.31,N/A,10.05,N/A,8.58,N/A,8.68
พิจิตร,Phichit,2563,N/A,N/A,20.27,21.27,21.27,23.61,33.14,1.7,23.61,33.14,N/A,4.79,1.7,1.7,N/A,11.02,N/A,9.51,N/A,8.1,N/A,7.95
เพชรบูรณ์,Phetchabun,2563,N/A,N/A,15.96,21.37,21.37,21.99,37.8,2.88,21.99,37.8,N/A,4.4,2.88,2.88,N/A,10.62,N/A,8.92,N/A,7.14,N/A,7.58
ราชบุรี,Ratchaburi,2563,N/A,N/A,19.24,20.68,20.68,20.55,34.55,4.99,20.55,34.55,N/A,5.02,4.99,4.99,N/A,10,N/A,9.08,N/A,8.03,N/A,8.05
กาญจนบุรี,Kanchanaburi,2563,N/A,N/A,18.29,19.84,19.84,18.23,35.82,7.83,18.23,35.82,N/A,4.34,7.83,7.83,N/A,9.7,N/A,8.73,N/A,7.54,N/A,7.78
สุพรรณบุรี,Suphanburi,2563,N/A,N/A,14.18,18.5,18.5,21.99,44.07,1.26,21.99,44.07,N/A,4.71,1.26,1.26,N/A,10.34,N/A,8.75,N/A,7.29,N/A,7.58
นครปฐม,Nakhon Pathom,2563,N/A,N/A,19.77,18.77,18.77,23.11,31.28,7.07,23.11,31.28,N/A,5.52,7.07,7.07,N/A,9.61,N/A,9.11,N/A,8.59,N/A,8.42
สมุทรสาคร,Samut Sakhon,2563,N/A,N/A,26.6,19.19,19.19,22.13,23.25,8.83,22.13,23.25,N/A,4.82,8.83,8.83,N/A,10.32,N/A,9.66,N/A,8.49,N/A,9.08
สมุทรสงคราม,Samut Songkhram,2563,N/A,N/A,21.29,21.22,21.22,20.34,29.06,8.09,20.34,29.06,N/A,5.88,8.09,8.09,N/A,9.99,N/A,9.26,N/A,8.5,N/A,8.26
เพชรบุรี,Phetchaburi,2563,N/A,N/A,22.79,23.36,23.36,21.15,31.3,1.41,21.15,31.3,N/A,5.6,1.41,1.41,N/A,10.88,N/A,9.85,N/A,8.64,N/A,8.77
ประจวบคีรีขันธ์,Prachuap Khiri Khan,2563,N/A,N/A,17.83,22.52,22.52,19.26,35.07,5.32,19.26,35.07,N/A,5.23,5.32,5.32,N/A,9.92,N/A,9.08,N/A,8,N/A,8.32
นครศรีธรรมราช,Nakhon Si Thammarat,2563,N/A,N/A,23.54,19.25,19.25,22.12,33.29,1.8,22.12,33.29,N/A,5.2,1.8,1.8,N/A,10.69,N/A,9.72,N/A,8.69,N/A,8.59
กระบี่,Krabi,2563,N/A,N/A,20.01,21.94,21.94,21.38,34.86,1.81,21.38,34.86,N/A,4.98,1.81,1.81,N/A,10.32,N/A,9.48,N/A,8.34,N/A,8.73
พังงา,Phang Nga,2563,N/A,N/A,19.04,17.61,17.61,21.44,36.09,5.83,21.44,36.09,N/A,5.08,5.83,5.83,N/A,9.96,N/A,9.02,N/A,7.86,N/A,8.28
ภูเก็ต,Phuket,2563,N/A,N/A,29.75,23.61,23.61,21.89,23.57,1.18,21.89,23.57,N/A,6.37,1.18,1.18,N/A,11.1,N/A,10.64,N/A,9.87,N/A,10.1
สุราษฎร์ธานี,Surat Thani,2563,N/A,N/A,20.52,23.81,23.81,21.66,30.26,3.76,21.66,30.26,N/A,5.98,3.76,3.76,N/A,10.43,N/A,9.67,N/A,8.69,N/A,8.98
ระนอง,Ranong,2563,N/A,N/A,17.11,21.76,21.76,20.61,32.62,7.89,20.61,32.62,N/A,5.1,7.89,7.89,N/A,9.29,N/A,8.72,N/A,7.84,N/A,8.21
ชุมพร,Chumphon,2563,N/A,N/A,15.46,21.07,21.07,26.45,31.14,5.89,26.45,31.14,N/A,5.79,5.89,5.89,N/A,9.69,N/A,8.91,N/A,7.97,N/A,8.28
สงขลา,Songkhla,2563,N/A,N/A,30.11,22.6,22.6,19.1,26.66,1.53,19.1,26.66,N/A,5.33,1.53,1.53,N/A,11.3,N/A,10.44,N/A,9.29,N/A,9.43
สตูล,Satun,2563,N/A,N/A,19.94,25.65,25.65,18.59,34.24,1.58,18.59,34.24,N/A,4.98,1.58,1.58,N/A,10.58,N/A,9.65,N/A,8.43,N/A,8.8
ตรัง,Trang,2563,N/A,N/A,20.52,19.95,19.95,19.86,38.29,1.38,19.86,38.29,N/A,4.93,1.38,1.38,N/A,10.43,N/A,9.4,N/A,8.24,N/A,8.49
พัทลุง,Phatthalung,2563,N/A,N/A,22.77,25.42,25.42,19.8,31.4,0.61,19.8,31.4,N/A,5.21,0.61,0.61,N/A,11.17,N/A,9.99,N/A,8.81,N/A,8.75
ปัตตานี,Pattani,2563,N/A,N/A,15.16,25.24,25.24,19.73,35.38,4.49,19.73,35.38,N/A,3.73,4.49,4.49,N/A,10.12,N/A,9.01,N/A,7.32,N/A,7.96
ยะลา,Yala,2563,N/A,N/A,12.64,34.57,34.57,22.18,29.8,0.81,22.18,29.8,N/A,3.88,0.81,0.81,N/A,10.59,N/A,9.6,N/A,8.19,N/A,8.66
นราธิวาส,Narathiwat,2563,N/A,N/A,14.98,19.37,19.37,19.53,37.03,9.09,19.53,37.03,N/A,3.46,9.09,9.09,N/A,9.43,N/A,8.36,N/A,6.82,N/A,7.49
ประเทศไทย,Thailand,2563,N/A,N/A,24.23,22.16,22.16,20.48,30.21,2.92,20.48,30.21,N/A,5.42,2.92,2.92,N/A,10.97,N/A,9.86,N/A,8.59,N/A,8.86
กรุงเทพมหานคร,Bangkok,2562,N/A,N/A,,,,,,,,,,,,,,,,,,,,
สมุทรปราการ,Samut Prakan,2562,N/A,N/A,,,,,,,,,,,,,,,,,,,,
นนทบุรี,Nonthaburi,2562,N/A,N/A,,,,,,,,,,,,,,,,,,,,
ปทุมธานี,Pathum Thani,2562,N/A,N/A,,,,,,,,,,,,,,,,,,,,
พระนครศรีอยุธยา,Phra Nakhon Si Ayutthaya,2562,N/A,N/A,,,,,,,,,,,,,,,,,,,,
อ่างทอง,Ang Thong,2562,N/A,N/A,,,,,,,,,,,,,,,,,,,,
ลพบุรี,Lopburi,2562,N/A,N/A,,,,,,,,,,,,,,,,,,,,
สิงห์บุรี,Singburi,2562,N/A,N/A,,,,,,,,,,,,,,,,,,,,
ชัยนาท,Chainat,2562,N/A,N/A,,,,,,,,,,,,,,,,,,,,
สระบุรี,Saraburi,2562,N/A,N/A,,,,,,,,,,,,,,,,,,,,
ชลบุรี,Chonburi,2562,N/A,N/A,,,,,,,,,,,,,,,,,,,,
ระยอง,Rayong,2562,N/A,N/A,,,,,,,,,,,,,,,,,,,,
จันทบุรี,Chanthaburi,2562,N/A,N/A,,,,,,,,,,,,,,,,,,,,
ตราด,Trat,2562,N/A,N/A,,,,,,,,,,,,,,,,,,,,
ฉะเชิงเทรา,Chachoengsao,2562,N/A,N/A,,,,,,,,,,,,,,,,,,,,
ปราจีนบุรี,Prachinburi,2562,N/A,N/A,,,,,,,,,,,,,,,,,,,,
นครนายก,Nakhon Nayok,2562,N/A,N/A,,,,,,,,,,,,,,,,,,,,
สระแก้ว,Sa Kaeo,2562,N/A,N/A,,,,,,,,,,,,,,,,,,,,
นครราชสีมา,Nakhon Ratchasima,2562,N/A,N/A,,,,,,,,,,,,,,,,,,,,
บุรีรัมย์,Buriram,2562,N/A,N/A,,,,,,,,,,,,,,,,,,,,
สุรินทร์,Surin,2562,N/A,N/A,,,,,,,,,,,,,,,,,,,,
ศรีสะเกษ,Si Sa Ket,2562,N/A,N/A,,,,,,,,,,,,,,,,,,,,
อุบลราชธานี,Ubon Ratchathani,2562,N/A,N/A,,,,,,,,,,,,,,,,,,,,
ยโสธร,Yasothon,2562,N/A,N/A,,,,,,,,,,,,,,,,,,,,
ชัยภูมิ,Chaiyaphum,2562,N/A,N/A,,,,,,,,,,,,,,,,,,,,
อำนาจเจริญ,Amnat Charoen,2562,N/A,N/A,,,,,,,,,,,,,,,,,,,,
บึงกาฬ,Bueng Kan,2562,N/A,N/A,,,,,,,,,,,,,,,,,,,,
หนองบัวลำภู,Nong Bua Lamphu,2562,N/A,N/A,,,,,,,,,,,,,,,,,,,,
ขอนแก่น,Khon Kaen,2562,N/A,N/A,,,,,,,,,,,,,,,,,,,,
อุดรธานี,Udon Thani,2562,N/A,N/A,,,,,,,,,,,,,,,,,,,,
เลย,Loei,2562,N/A,N/A,,,,,,,,,,,,,,,,,,,,
หนองคาย,Nong Khai,2562,N/A,N/A,,,,,,,,,,,,,,,,,,,,
มหาสารคาม,Maha Sarakham,2562,N/A,N/A,,,,,,,,,,,,,,,,,,,,
ร้อยเอ็ด,Roi Et,2562,N/A,N/A,,,,,,,,,,,,,,,,,,,,
กาฬสินธุ์,Kalasin,2562,N/A,N/A,,,,,,,,,,,,,,,,,,,,
สกลนคร,Sakon Nakhon,2562,N/A,N/A,,,,,,,,,,,,,,,,,,,,
นครพนม,Nakhon Phanom,2562,N/A,N/A,,,,,,,,,,,,,,,,,,,,
มุกดาหาร,Mukdahan,2562,N/A,N/A,,,,,,,,,,,,,,,,,,,,
เชียงใหม่,Chiang Mai,2562,N/A,N/A,,,,,,,,,,,,,,,,,,,,
ลำพูน,Lamphun,2562,N/A,N/A,,,,,,,,,,,,,,,,,,,,
ลำปาง,Lampang,2562,N/A,N/A,,,,,,,,,,,,,,,,,,,,
อุตรดิตถ์,Uttaradit,2562,N/A,N/A,,,,,,,,,,,,,,,,,,,,
แพร่,Phrae,2562,N/A,N/A,,,,,,,,,,,,,,,,,,,,
น่าน,Nan,2562,N/A,N/A,,,,,,,,,,,,,,,,,,,,
พะเยา,Phayao,2562,N/A,N/A,,,,,,,,,,,,,,,,,,,,
เชียงราย,Chiang Rai,2562,N/A,N/A,,,,,,,,,,,,,,,,,,,,
แม่ฮ่องสอน,Mae Hong Son,2562,N/A,N/A,,,,,,,,,,,,,,,,,,,,
นครสวรรค์,Nakhon Sawan,2562,N/A,N/A,,,,,,,,,,,,,,,,,,,,
อุทัยธานี,Uthai Thani,2562,N/A,N/A,,,,,,,,,,,,,,,,,,,,
กำแพงเพชร,Kamphaeng Phet,2562,N/A,N/A,,,,,,,,,,,,,,,,,,,,
ตาก,Tak,2562,N/A,N/A,,,,,,,,,,,,,,,,,,,,
สุโขทัย,Sukhothai,2562,N/A,N/A,,,,,,,,,,,,,,,,,,,,
พิษณุโลก,Phitsanulok,2562,N/A,N/A,,,,,,,,,,,,,,,,,,,,
พิจิตร,Phichit,2562,N/A,N/A,,,,,,,,,,,,,,,,,,,,
เพชรบูรณ์,Phetchabun,2562,N/A,N/A,,,,,,,,,,,,,,,,,,,,
ราชบุรี,Ratchaburi,2562,N/A,N/A,,,,,,,,,,,,,,,,,,,,
กาญจนบุรี,Kanchanaburi,2562,N/A,N/A,,,,,,,,,,,,,,,,,,,,
สุพรรณบุรี,Suphanburi,2562,N/A,N/A,,,,,,,,,,,,,,,,,,,,
นครปฐม,Nakhon Pathom,2562,N/A,N/A,,,,,,,,,,,,,,,,,,,,
สมุทรสาคร,Samut Sakhon,2562,N/A,N/A,,,,,,,,,,,,,,,,,,,,
สมุทรสงคราม,Samut Songkhram,2562,N/A,N/A,,,,,,,,,,,,,,,,,,,,
เพชรบุรี,Phetchaburi,2562,N/A,N/A,,,,,,,,,,,,,,,,,,,,
ประจวบคีรีขันธ์,Prachuap Khiri Khan,2562,N/A,N/A,,,,,,,,,,,,,,,,,,,,
นครศรีธรรมราช,Nakhon Si Thammarat,2562,N/A,N/A,,,,,,,,,,,,,,,,,,,,
กระบี่,Krabi,2562,N/A,N/A,,,,,,,,,,,,,,,,,,,,
พังงา,Phang Nga,2562,N/A,N/A,,,,,,,,,,,,,,,,,,,,
ภูเก็ต,Phuket,2562,N/A,N/A,,,,,,,,,,,,,,,,,,,,
สุราษฎร์ธานี,Surat Thani,2562,N/A,N/A,,,,,,,,,,,,,,,,,,,,
ระนอง,Ranong,2562,N/A,N/A,,,,,,,,,,,,,,,,,,,,
ชุมพร,Chumphon,2562,N/A,N/A,,,,,,,,,,,,,,,,,,,,
สงขลา,Songkhla,2562,N/A,N/A,,,,,,,,,,,,,,,,,,,,
สตูล,Satun,2562,N/A,N/A,,,,,,,,,,,,,,,,,,,,
ตรัง,Trang,2562,N/A,N/A,,,,,,,,,,,,,,,,,,,,
พัทลุง,Phatthalung,2562,N/A,N/A,,,,,,,,,,,,,,,,,,,,
ปัตตานี,Pattani,2562,N/A,N/A,,,,,,,,,,,,,,,,,,,,
ยะลา,Yala,2562,N/A,N/A,,,,,,,,,,,,,,,,,,,,
นราธิวาส,Narathiwat,2562,N/A,N/A,,,,,,,,,,,,,,,,,,,,
ประเทศไทย,Thailand,2562,N/A,N/A,,,,,,,,,,,,,,,,,,,,
กรุงเทพมหานคร,Bangkok,2561,N/A,N/A,,,,,,,,,,,,,,,,,,,,
สมุทรปราการ,Samut Prakan,2561,N/A,N/A,,,,,,,,,,,,,,,,,,,,
นนทบุรี,Nonthaburi,2561,N/A,N/A,,,,,,,,,,,,,,,,,,,,
ปทุมธานี,Pathum Thani,2561,N/A,N/A,,,,,,,,,,,,,,,,,,,,
พระนครศรีอยุธยา,Phra Nakhon Si Ayutthaya,2561,N/A,N/A,,,,,,,,,,,,,,,,,,,,
อ่างทอง,Ang Thong,2561,N/A,N/A,,,,,,,,,,,,,,,,,,,,
ลพบุรี,Lopburi,2561,N/A,N/A,,,,,,,,,,,,,,,,,,,,
สิงห์บุรี,Singburi,2561,N/A,N/A,,,,,,,,,,,,,,,,,,,,
ชัยนาท,Chainat,2561,N/A,N/A,,,,,,,,,,,,,,,,,,,,
สระบุรี,Saraburi,2561,N/A,N/A,,,,,,,,,,,,,,,,,,,,
ชลบุรี,Chonburi,2561,N/A,N/A,,,,,,,,,,,,,,,,,,,,
ระยอง,Rayong,2561,N/A,N/A,,,,,,,,,,,,,,,,,,,,
จันทบุรี,Chanthaburi,2561,N/A,N/A,,,,,,,,,,,,,,,,,,,,
ตราด,Trat,2561,N/A,N/A,,,,,,,,,,,,,,,,,,,,
ฉะเชิงเทรา,Chachoengsao,2561,N/A,N/A,,,,,,,,,,,,,,,,,,,,
ปราจีนบุรี,Prachinburi,2561,N/A,N/A,,,,,,,,,,,,,,,,,,,,
นครนายก,Nakhon Nayok,2561,N/A,N/A,,,,,,,,,,,,,,,,,,,,
สระแก้ว,Sa Kaeo,2561,N/A,N/A,,,,,,,,,,,,,,,,,,,,
นครราชสีมา,Nakhon Ratchasima,2561,N/A,N/A,,,,,,,,,,,,,,,,,,,,
บุรีรัมย์,Buriram,2561,N/A,N/A,,,,,,,,,,,,,,,,,,,,
สุรินทร์,Surin,2561,N/A,N/A,,,,,,,,,,,,,,,,,,,,
ศรีสะเกษ,Si Sa Ket,2561,N/A,N/A,,,,,,,,,,,,,,,,,,,,
อุบลราชธานี,Ubon Ratchathani,2561,N/A,N/A,,,,,,,,,,,,,,,,,,,,
ยโสธร,Yasothon,2561,N/A,N/A,,,,,,,,,,,,,,,,,,,,
ชัยภูมิ,Chaiyaphum,2561,N/A,N/A,,,,,,,,,,,,,,,,,,,,
อำนาจเจริญ,Amnat Charoen,2561,N/A,N/A,,,,,,,,,,,,,,,,,,,,
บึงกาฬ,Bueng Kan,2561,N/A,N/A,,,,,,,,,,,,,,,,,,,,
หนองบัวลำภู,Nong Bua Lamphu,2561,N/A,N/A,,,,,,,,,,,,,,,,,,,,
ขอนแก่น,Khon Kaen,2561,N/A,N/A,,,,,,,,,,,,,,,,,,,,
อุดรธานี,Udon Thani,2561,N/A,N/A,,,,,,,,,,,,,,,,,,,,
เลย,Loei,2561,N/A,N/A,,,,,,,,,,,,,,,,,,,,
หนองคาย,Nong Khai,2561,N/A,N/A,,,,,,,,,,,,,,,,,,,,
มหาสารคาม,Maha Sarakham,2561,N/A,N/A,,,,,,,,,,,,,,,,,,,,
ร้อยเอ็ด,Roi Et,2561,N/A,N/A,,,,,,,,,,,,,,,,,,,,
กาฬสินธุ์,Kalasin,2561,N/A,N/A,,,,,,,,,,,,,,,,,,,,
สกลนคร,Sakon Nakhon,2561,N/A,N/A,,,,,,,,,,,,,,,,,,,,
นครพนม,Nakhon Phanom,2561,N/A,N/A,,,,,,,,,,,,,,,,,,,,
มุกดาหาร,Mukdahan,2561,N/A,N/A,,,,,,,,,,,,,,,,,,,,
เชียงใหม่,Chiang Mai,2561,N/A,N/A,,,,,,,,,,,,,,,,,,,,
ลำพูน,Lamphun,2561,N/A,N/A,,,,,,,,,,,,,,,,,,,,
ลำปาง,Lampang,2561,N/A,N/A,,,,,,,,,,,,,,,,,,,,
อุตรดิตถ์,Uttaradit,2561,N/A,N/A,,,,,,,,,,,,,,,,,,,,
แพร่,Phrae,2561,N/A,N/A,,,,,,,,,,,,,,,,,,,,
น่าน,Nan,2561,N/A,N/A,,,,,,,,,,,,,,,,,,,,
พะเยา,Phayao,2561,N/A,N/A,,,,,,,,,,,,,,,,,,,,
เชียงราย,Chiang Rai,2561,N/A,N/A,,,,,,,,,,,,,,,,,,,,
แม่ฮ่องสอน,Mae Hong Son,2561,N/A,N/A,,,,,,,,,,,,,,,,,,,,
นครสวรรค์,Nakhon Sawan,2561,N/A,N/A,,,,,,,,,,,,,,,,,,,,
อุทัยธานี,Uthai Thani,2561,N/A,N/A,,,,,,,,,,,,,,,,,,,,
กำแพงเพชร,Kamphaeng Phet,2561,N/A,N/A,,,,,,,,,,,,,,,,,,,,
ตาก,Tak,2561,N/A,N/A,,,,,,,,,,,,,,,,,,,,
สุโขทัย,Sukhothai,2561,N/A,N/A,,,,,,,,,,,,,,,,,,,,
พิษณุโลก,Phitsanulok,2561,N/A,N/A,,,,,,,,,,,,,,,,,,,,
พิจิตร,Phichit,2561,N/A,N/A,,,,,,,,,,,,,,,,,,,,
เพชรบูรณ์,Phetchabun,2561,N/A,N/A,,,,,,,,,,,,,,,,,,,,
ราชบุรี,Ratchaburi,2561,N/A,N/A,,,,,,,,,,,,,,,,,,,,
กาญจนบุรี,Kanchanaburi,2561,N/A,N/A,,,,,,,,,,,,,,,,,,,,
สุพรรณบุรี,Suphanburi,2561,N/A,N/A,,,,,,,,,,,,,,,,,,,,
นครปฐม,Nakhon Pathom,2561,N/A,N/A,,,,,,,,,,,,,,,,,,,,
สมุทรสาคร,Samut Sakhon,2561,N/A,N/A,,,,,,,,,,,,,,,,,,,,
สมุทรสงคราม,Samut Songkhram,2561,N/A,N/A,,,,,,,,,,,,,,,,,,,,
เพชรบุรี,Phetchaburi,2561,N/A,N/A,,,,,,,,,,,,,,,,,,,,
ประจวบคีรีขันธ์,Prachuap Khiri Khan,2561,N/A,N/A,,,,,,,,,,,,,,,,,,,,
นครศรีธรรมราช,Nakhon Si Thammarat,2561,N/A,N/A,,,,,,,,,,,,,,,,,,,,
กระบี่,Krabi,2561,N/A,N/A,,,,,,,,,,,,,,,,,,,,
พังงา,Phang Nga,2561,N/A,N/A,,,,,,,,,,,,,,,,,,,,
ภูเก็ต,Phuket,2561,N/A,N/A,,,,,,,,,,,,,,,,,,,,
สุราษฎร์ธานี,Surat Thani,2561,N/A,N/A,,,,,,,,,,,,,,,,,,,,
ระนอง,Ranong,2561,N/A,N/A,,,,,,,,,,,,,,,,,,,,
ชุมพร,Chumphon,2561,N/A,N/A,,,,,,,,,,,,,,,,,,,,
สงขลา,Songkhla,2561,N/A,N/A,,,,,,,,,,,,,,,,,,,,
สตูล,Satun,2561,N/A,N/A,,,,,,,,,,,,,,,,,,,,
ตรัง,Trang,2561,N/A,N/A,,,,,,,,,,,,,,,,,,,,
พัทลุง,Phatthalung,2561,N/A,N/A,,,,,,,,,,,,,,,,,,,,
ปัตตานี,Pattani,2561,N/A,N/A,,,,,,,,,,,,,,,,,,,,
ยะลา,Yala,2561,N/A,N/A,,,,,,,,,,,,,,,,,,,,
นราธิวาส,Narathiwat,2561,N/A,N/A,,,,,,,,,,,,,,,,,,,,
ประเทศไทย,Thailand,2561,N/A,N/A,,,,,,,,,,,,,,,,,,,,